Time stamp(sec),quaternion_0,quaternion_1,quaternion_2,quaternion_3,roll_angular_rate,pitch_angular_rate,yaw_angular_rate,acc_X,acc_Y,acc_Z,mag_X,mag_Y,mag_Z,pressure,altitude
371.506022,0.893169105052948,0.02424304001033306,0.03864028677344322,-0.4473371207714081,-0.18310546875,0.244140625,-0.30517578125,-0.0400390625,0.0621337890625,1.0035400390625,-181.0,62.0,-206.0,102051.0,-6.027000427246094,0,0
371.513001,0.893169105052948,0.02424304001033306,0.03864028677344322,-0.4473371207714081,0.1220703125,0.06103515625,-0.18310546875,-0.0380859375,0.0631103515625,1.0048828125,-181.0,62.0,-206.0,102051.0,-6.027000427246094,0,0
371.520015,0.893169105052948,0.02424304001033306,0.03864028677344322,-0.4473371207714081,0.30517578125,0.1220703125,0.1220703125,-0.03759765625,0.063232421875,1.0047607421875,-181.0,62.0,-206.0,102051.0,-6.027000427246094,0,0
371.526996,0.893169105052948,0.02424304001033306,0.03864028677344322,-0.4473371207714081,0.244140625,0.06103515625,-0.18310546875,-0.038818359375,0.0633544921875,1.0068359375,-181.0,62.0,-206.0,102051.0,-6.028000354766846,0,0
371.533994,0.8931238651275635,0.02424885332584381,0.03864261880517006,-0.4474657475948334,0.18310546875,0.3662109375,0.06103515625,-0.038818359375,0.06396484375,1.0057373046875,-182.0,63.0,-206.0,102051.0,-6.028000354766846,0,0
371.541019,0.8931238651275635,0.02424885332584381,0.03864261880517006,-0.4474657475948334,0.244140625,0.18310546875,0.18310546875,-0.0386962890625,0.0635986328125,1.0047607421875,-182.0,63.0,-206.0,102051.0,-6.028000354766846,0,0
371.548003,0.8931238651275635,0.02424885332584381,0.03864261880517006,-0.4474657475948334,0.18310546875,0.244140625,0.0,-0.0390625,0.06396484375,1.0057373046875,-182.0,63.0,-206.0,102051.0,-6.028000354766846,0,0
371.555019,0.8931238651275635,0.02424885332584381,0.03864261880517006,-0.4474657475948334,0.244140625,0.1220703125,-0.244140625,-0.039306640625,0.0606689453125,1.006103515625,-182.0,63.0,-206.0,102051.0,-6.028000354766846,0,0
371.561997,0.8931248784065247,0.024279098957777023,0.038638804107904434,-0.44746482372283936,0.18310546875,0.30517578125,0.244140625,-0.0396728515625,0.062255859375,1.0054931640625,-182.0,63.0,-206.0,102051.0,-6.028000354766846,0,0
371.568029,0.8931248784065247,0.024279098957777023,0.038638804107904434,-0.44746482372283936,0.18310546875,0.30517578125,0.244140625,-0.0396728515625,0.062255859375,1.0054931640625,-182.0,63.0,-206.0,102051.0,-6.028000354766846,0,0
371.575017,0.8931248784065247,0.024279098957777023,0.038638804107904434,-0.44746482372283936,0.06103515625,0.244140625,0.0,-0.0404052734375,0.063232421875,1.00830078125,-182.0,63.0,-206.0,102051.0,-6.028000354766846,0,0
371.581997,0.8931248784065247,0.024279098957777023,0.038638804107904434,-0.44746482372283936,0.1220703125,0.18310546875,0.18310546875,-0.037109375,0.063720703125,1.005126953125,-182.0,63.0,-206.0,102051.0,-6.028000354766846,0,0
371.588997,0.8931248784065247,0.024279098957777023,0.038638804107904434,-0.44746482372283936,0.244140625,0.0,-0.06103515625,-0.038818359375,0.062744140625,1.0050048828125,-182.0,63.0,-206.0,102051.0,-6.028000354766846,0,0
371.596022,0.8931248784065247,0.024279098957777023,0.038638804107904434,-0.44746482372283936,0.18310546875,0.18310546875,0.0,-0.0390625,0.062255859375,1.0072021484375,-182.0,63.0,-206.0,102051.0,-6.028000354766846,0,0
371.603001,0.8931248784065247,0.024279098957777023,0.038638804107904434,-0.44746482372283936,0.48828125,0.244140625,0.1220703125,-0.0394287109375,0.0618896484375,1.0040283203125,-182.0,63.0,-206.0,102051.0,-6.028000354766846,0,0
371.610015,0.8931248784065247,0.024279098957777023,0.038638804107904434,-0.44746482372283936,0.3662109375,0.18310546875,-0.06103515625,-0.0357666015625,0.062255859375,1.005126953125,-182.0,63.0,-206.0,102051.0,-6.028000354766846,0,0
371.617,0.8931248784065247,0.024279098957777023,0.038638804107904434,-0.44746482372283936,0.18310546875,0.06103515625,-0.244140625,-0.0377197265625,0.063232421875,1.0054931640625,-182.0,63.0,-206.0,102051.0,-6.028000354766846,0,0
371.623999,0.8931248784065247,0.024279098957777023,0.038638804107904434,-0.44746482372283936,0.3662109375,0.1220703125,-0.06103515625,-0.0382080078125,0.062744140625,1.007080078125,-182.0,63.0,-206.0,102051.0,-6.028000354766846,0,0
371.63102,0.8931257724761963,0.0242752842605114,0.03860855847597122,-0.4474658668041229,0.18310546875,0.06103515625,-0.1220703125,-0.037841796875,0.0640869140625,1.005615234375,-182.0,63.0,-206.0,102051.0,-6.028000354766846,0,0
371.638003,0.8930767178535461,0.02428016997873783,0.03860983997583389,-0.4475642442703247,0.244140625,0.244140625,0.0,-0.0394287109375,0.0625,1.0059814453125,-182.0,62.0,-207.0,102051.0,-6.028000354766846,0,0
371.645019,0.8930758237838745,0.024283984676003456,0.038640085607767105,-0.44756320118904114,0.244140625,0.244140625,-0.06103515625,-0.0377197265625,0.0614013671875,1.003662109375,-182.0,62.0,-207.0,102051.0,-6.028000354766846,0,0
371.651998,0.8930767178535461,0.02428016997873783,0.03860983997583389,-0.4475642442703247,0.1220703125,0.06103515625,0.0,-0.0390625,0.062255859375,1.0069580078125,-182.0,62.0,-207.0,102051.0,-6.028000354766846,0,0
371.658996,0.8930767178535461,0.02428016997873783,0.03860983997583389,-0.4475642442703247,0.1220703125,0.1220703125,0.0,-0.0372314453125,0.0615234375,1.005859375,-182.0,62.0,-207.0,102051.0,-6.028000354766846,0,0
371.678997,0.893075704574585,0.02424992434680462,0.038613658398389816,-0.4475651681423187,0.244140625,0.18310546875,-0.06103515625,-0.0372314453125,0.0611572265625,1.0084228515625,-182.0,62.0,-207.0,102051.0,-6.028000354766846,0,0
371.686022,0.893075704574585,0.02424992434680462,0.038613658398389816,-0.4475651681423187,0.244140625,0.06103515625,0.1220703125,-0.0369873046875,0.062255859375,1.0048828125,-182.0,62.0,-207.0,102051.0,-6.028000354766846,0,0
371.693001,0.893075704574585,0.02424992434680462,0.038613658398389816,-0.4475651681423187,0.244140625,-0.06103515625,0.18310546875,-0.0367431640625,0.061279296875,1.0059814453125,-182.0,62.0,-207.0,102051.0,-6.028000354766846,0,0
371.700015,0.893075704574585,0.02424992434680462,0.038613658398389816,-0.4475651681423187,0.06103515625,0.244140625,-0.06103515625,-0.0386962890625,0.0611572265625,1.0081787109375,-182.0,62.0,-207.0,102051.0,-6.028000354766846,0,0
371.707,0.893075704574585,0.02424992434680462,0.038613658398389816,-0.4475651681423187,0.0,-0.1220703125,-0.06103515625,-0.0345458984375,0.0615234375,1.0045166015625,-182.0,62.0,-207.0,102051.0,-6.028000354766846,0,0
371.713994,0.8930748105049133,0.024253739044070244,0.03864390403032303,-0.44756412506103516,0.18310546875,0.18310546875,0.18310546875,-0.04150390625,0.0584716796875,1.0062255859375,-182.0,62.0,-207.0,102051.0,-6.028000354766846,0,0
371.721019,0.8930737376213074,0.02422349341213703,0.038647718727588654,-0.4475650489330292,0.244140625,0.1220703125,-0.18310546875,-0.036865234375,0.0599365234375,1.004638671875,-182.0,62.0,-207.0,102051.0,-6.028000354766846,0,0
371.728003,0.8930737376213074,0.02422349341213703,0.038647718727588654,-0.4475650489330292,0.244140625,0.0,0.1220703125,-0.0384521484375,0.0635986328125,1.004638671875,-182.0,62.0,-207.0,102051.0,-6.029000282287598,0,0
371.735018,0.8929955363273621,0.024259671568870544,0.038644254207611084,-0.4476662874221802,0.06103515625,0.1220703125,-0.1220703125,-0.0384521484375,0.0631103515625,1.0042724609375,-182.0,63.0,-207.0,102051.0,-6.029000282287598,0,0
371.741997,0.8929955363273621,0.024259671568870544,0.038644254207611084,-0.4476662874221802,0.18310546875,0.1220703125,-0.244140625,-0.0390625,0.0616455078125,1.0068359375,-182.0,63.0,-207.0,102051.0,-6.029000282287598,0,0
371.748996,0.8929955363273621,0.024259671568870544,0.038644254207611084,-0.4476662874221802,0.3662109375,0.48828125,0.0,-0.0413818359375,0.063232421875,1.0087890625,-182.0,63.0,-207.0,102051.0,-6.029000282287598,0,0
371.768998,0.8929955363273621,0.024259671568870544,0.038644254207611084,-0.4476662874221802,0.244140625,0.06103515625,-0.06103515625,-0.0377197265625,0.0587158203125,1.0059814453125,-182.0,63.0,-207.0,102051.0,-6.029000282287598,0,0
371.776022,0.8929955363273621,0.024259671568870544,0.038644254207611084,-0.4476662874221802,0.30517578125,0.1220703125,0.06103515625,-0.03857421875,0.06201171875,1.0047607421875,-182.0,63.0,-207.0,102051.0,-6.029000282287598,0,0
371.783001,0.8929955363273621,0.024259671568870544,0.038644254207611084,-0.4476662874221802,0.18310546875,-0.06103515625,0.0,-0.0389404296875,0.0618896484375,1.005615234375,-182.0,63.0,-207.0,102051.0,-6.029000282287598,0,0
371.790015,0.8929955363273621,0.024259671568870544,0.038644254207611084,-0.4476662874221802,0.18310546875,0.1220703125,-0.06103515625,-0.038818359375,0.060302734375,1.0064697265625,-182.0,63.0,-207.0,102051.0,-6.029000282287598,0,0
371.796996,0.8929955363273621,0.024259671568870544,0.038644254207611084,-0.4476662874221802,0.30517578125,-0.1220703125,0.06103515625,-0.039794921875,0.0614013671875,1.006103515625,-182.0,63.0,-207.0,102051.0,-6.029000282287598,0,0
371.803994,0.8929955363273621,0.024259671568870544,0.038644254207611084,-0.4476662874221802,0.0,0.18310546875,0.1220703125,-0.0382080078125,0.0615234375,1.0076904296875,-182.0,63.0,-207.0,102051.0,-6.029000282287598,0,0
371.811019,0.8929955363273621,0.024259671568870544,0.038644254207611084,-0.4476662874221802,0.0,0.06103515625,-0.1220703125,-0.037841796875,0.061279296875,1.005126953125,-182.0,63.0,-207.0,102051.0,-6.029000282287598,0,0
371.818003,0.8929964303970337,0.02425585687160492,0.03861400857567787,-0.44766733050346375,0.06103515625,0.18310546875,0.0,-0.0391845703125,0.0643310546875,1.0057373046875,-182.0,63.0,-207.0,102051.0,-6.029000282287598,0,0
371.825018,0.8929955363273621,0.024259671568870544,0.038644254207611084,-0.4476662874221802,0.18310546875,0.244140625,0.0,-0.0408935546875,0.0640869140625,1.00732421875,-182.0,63.0,-207.0,102051.0,-6.029000282287598,0,0
371.831997,0.8929964303970337,0.02425585687160492,0.03861400857567787,-0.44766733050346375,0.18310546875,0.244140625,-0.30517578125,-0.038330078125,0.064453125,1.0054931640625,-182.0,64.0,-206.0,102051.0,-6.029000282287598,0,0
371.838996,0.8930767178535461,0.02428016997873783,0.03860983997583389,-0.4475642442703247,-0.06103515625,0.18310546875,0.0,-0.037353515625,0.06494140625,1.0064697265625,-182.0,64.0,-206.0,102051.0,-6.029000282287598,0,0
371.846016,0.8930758237838745,0.024283984676003456,0.038640085607767105,-0.44756320118904114,0.244140625,0.0,0.1220703125,-0.0400390625,0.0618896484375,1.0057373046875,-182.0,64.0,-206.0,102051.0,-6.029000282287598,0,0
371.85205,0.8930758237838745,0.024283984676003456,0.038640085607767105,-0.44756320118904114,0.244140625,0.0,0.1220703125,-0.0400390625,0.0618896484375,1.0057373046875,-182.0,64.0,-206.0,102051.0,-6.029000282287598,0,0
371.858997,0.8930748105049133,0.024253739044070244,0.03864390403032303,-0.44756412506103516,0.3662109375,-0.06103515625,0.0,-0.0374755859375,0.061767578125,1.007080078125,-182.0,64.0,-206.0,102051.0,-6.029000282287598,0,0
371.866022,0.8930748105049133,0.024253739044070244,0.03864390403032303,-0.44756412506103516,0.06103515625,0.1220703125,-0.1220703125,-0.0390625,0.0599365234375,1.00439453125,-182.0,64.0,-206.0,102051.0,-6.029000282287598,0,0
371.873001,0.8930748105049133,0.024253739044070244,0.03864390403032303,-0.44756412506103516,0.244140625,0.0,0.0,-0.0390625,0.06103515625,1.0068359375,-182.0,64.0,-206.0,102051.0,-6.029000282287598,0,0
371.880015,0.8930748105049133,0.024253739044070244,0.03864390403032303,-0.44756412506103516,0.06103515625,-0.06103515625,-0.18310546875,-0.0364990234375,0.0625,1.00732421875,-182.0,64.0,-206.0,102051.0,-6.029000282287598,0,0
371.886996,0.8930748105049133,0.024253739044070244,0.03864390403032303,-0.44756412506103516,0.18310546875,0.0,0.18310546875,-0.0364990234375,0.0616455078125,1.0064697265625,-182.0,64.0,-206.0,102051.0,-6.029000282287598,0,0
371.893994,0.893074631690979,0.024219678714871407,0.03861747309565544,-0.44756609201431274,0.30517578125,0.06103515625,-0.06103515625,-0.0380859375,0.062744140625,1.0064697265625,-182.0,64.0,-206.0,102051.0,-6.029000282287598,0,0
371.901019,0.893074631690979,0.024219678714871407,0.03861747309565544,-0.44756609201431274,0.1220703125,0.18310546875,-0.244140625,-0.0389404296875,0.0614013671875,1.0069580078125,-182.0,64.0,-206.0,102051.0,-6.029000282287598,0,0
371.908003,0.893074631690979,0.024219678714871407,0.03861747309565544,-0.44756609201431274,0.244140625,0.06103515625,-0.1220703125,-0.038330078125,0.0643310546875,1.005615234375,-182.0,64.0,-206.0,102051.0,-6.029000282287598,0,0
371.915019,0.893074631690979,0.024219678714871407,0.03861747309565544,-0.44756609201431274,0.1220703125,0.0,0.06103515625,-0.0377197265625,0.061767578125,1.0030517578125,-182.0,64.0,-206.0,102051.0,-6.029000282287598,0,0
371.921997,0.8930737376213074,0.02422349341213703,0.038647718727588654,-0.4475650489330292,0.1220703125,0.18310546875,0.1220703125,-0.0399169921875,0.0616455078125,1.0062255859375,-182.0,64.0,-206.0,102051.0,-6.029000282287598,0,0
371.94205,0.8931227922439575,0.0242186076939106,0.038646433502435684,-0.4474666714668274,0.1220703125,0.30517578125,-0.1220703125,-0.0384521484375,0.058837890625,1.00634765625,-182.0,64.0,-205.0,102051.0,-6.028000354766846,0,0
371.948997,0.8931238651275635,0.02424885332584381,0.03864261880517006,-0.4474657475948334,0.1220703125,-0.1220703125,-0.06103515625,-0.0380859375,0.063232421875,1.0068359375,-182.0,64.0,-205.0,102051.0,-6.028000354766846,0,0
371.956022,0.8931227922439575,0.0242186076939106,0.038646433502435684,-0.4474666714668274,0.1220703125,-0.244140625,-0.1220703125,-0.038330078125,0.05908203125,1.00439453125,-182.0,64.0,-205.0,102051.0,-6.028000354766846,0,0
371.963001,0.8931227922439575,0.0242186076939106,0.038646433502435684,-0.4474666714668274,0.244140625,0.06103515625,-0.1220703125,-0.0374755859375,0.0635986328125,1.00634765625,-182.0,64.0,-205.0,102051.0,-6.028000354766846,0,0
371.970015,0.8931227922439575,0.0242186076939106,0.038646433502435684,-0.4474666714668274,0.18310546875,0.1220703125,0.1220703125,-0.0372314453125,0.0615234375,1.00634765625,-182.0,64.0,-205.0,102051.0,-6.028000354766846,0,0
371.977,0.8931236863136292,0.024214792996644974,0.03861618787050247,-0.44746771454811096,0.18310546875,-0.06103515625,0.18310546875,-0.035400390625,0.0625,1.0067138671875,-182.0,64.0,-205.0,102051.0,-6.028000354766846,0,0
371.983999,0.8931236863136292,0.024214792996644974,0.03861618787050247,-0.44746771454811096,0.42724609375,0.244140625,-0.1220703125,-0.03857421875,0.0638427734375,1.0091552734375,-182.0,64.0,-205.0,102051.0,-6.028000354766846,0,0
371.99102,0.8931236863136292,0.024214792996644974,0.03861618787050247,-0.44746771454811096,0.30517578125,-0.06103515625,-0.1220703125,-0.038330078125,0.0615234375,1.0081787109375,-182.0,64.0,-205.0,102051.0,-6.028000354766846,0,0
371.998003,0.8931236863136292,0.024214792996644974,0.03861618787050247,-0.44746771454811096,0.1220703125,0.0,-0.06103515625,-0.037353515625,0.062744140625,1.0045166015625,-182.0,64.0,-205.0,102051.0,-6.028000354766846,0,0
372.005019,0.8931236863136292,0.024214792996644974,0.03861618787050247,-0.44746771454811096,0.30517578125,0.1220703125,0.0,-0.038818359375,0.0604248046875,1.00732421875,-182.0,64.0,-205.0,102051.0,-6.028000354766846,0,0
372.011997,0.8931246399879456,0.02421097829937935,0.03858594223856926,-0.4474687874317169,0.06103515625,0.1220703125,-0.06103515625,-0.035888671875,0.0626220703125,1.00830078125,-182.0,64.0,-205.0,102051.0,-6.028000354766846,0,0
372.033001,0.8931689262390137,0.024208979681134224,0.03861385956406593,-0.44733908772468567,0.3662109375,0.06103515625,-0.06103515625,-0.0399169921875,0.060302734375,1.007568359375,-182.0,64.0,-205.0,102051.0,-6.028000354766846,0,0
372.039033,0.8931689262390137,0.024208979681134224,0.03861385956406593,-0.44733908772468567,0.3662109375,0.06103515625,-0.06103515625,-0.0399169921875,0.060302734375,1.007568359375,-182.0,64.0,-205.0,102051.0,-6.028000354766846,0,0
372.046022,0.8931679129600525,0.02417873404920101,0.03861767426133156,-0.4473400413990021,0.18310546875,0.0,-0.06103515625,-0.0367431640625,0.0615234375,1.0045166015625,-182.0,64.0,-205.0,102051.0,-6.028000354766846,0,0
372.053001,0.8931679129600525,0.02417873404920101,0.03861767426133156,-0.4473400413990021,0.3662109375,0.06103515625,0.06103515625,-0.036865234375,0.0618896484375,1.007080078125,-182.0,64.0,-205.0,102051.0,-6.028000354766846,0,0
372.060015,0.8931679129600525,0.02417873404920101,0.03861767426133156,-0.4473400413990021,0.0,0.30517578125,-0.1220703125,-0.038330078125,0.061279296875,1.005126953125,-182.0,64.0,-205.0,102051.0,-6.028000354766846,0,0
372.066996,0.8931679129600525,0.02417873404920101,0.03861767426133156,-0.4473400413990021,0.30517578125,0.30517578125,0.244140625,-0.040283203125,0.0623779296875,1.00830078125,-182.0,64.0,-205.0,102051.0,-6.028000354766846,0,0
372.073994,0.8931689262390137,0.024208979681134224,0.03861385956406593,-0.44733908772468567,-0.18310546875,0.0,-0.06103515625,-0.039794921875,0.0614013671875,1.0081787109375,-182.0,64.0,-205.0,102051.0,-6.028000354766846,0,0
372.081019,0.8931689262390137,0.024208979681134224,0.03861385956406593,-0.44733908772468567,0.18310546875,0.18310546875,0.0,-0.037109375,0.0634765625,1.006103515625,-182.0,64.0,-205.0,102051.0,-6.028000354766846,0,0
372.088003,0.8931689262390137,0.024208979681134224,0.03861385956406593,-0.44733908772468567,0.0,0.42724609375,0.18310546875,-0.037841796875,0.0625,1.006103515625,-182.0,64.0,-205.0,102051.0,-6.028000354766846,0,0
372.095018,0.8931679129600525,0.02417873404920101,0.03861767426133156,-0.4473400413990021,0.30517578125,0.06103515625,0.1220703125,-0.0367431640625,0.0615234375,1.005126953125,-182.0,64.0,-205.0,102051.0,-6.028000354766846,0,0
372.101997,0.8931679129600525,0.02417873404920101,0.03861767426133156,-0.4473400413990021,0.1220703125,0.18310546875,0.06103515625,-0.0379638671875,0.0616455078125,1.006103515625,-182.0,64.0,-205.0,102051.0,-6.028000354766846,0,0
372.108996,0.8931689262390137,0.024208979681134224,0.03861385956406593,-0.44733908772468567,0.3662109375,0.1220703125,-0.18310546875,-0.0394287109375,0.063232421875,1.00830078125,-182.0,64.0,-205.0,102051.0,-6.028000354766846,0,0
372.116016,0.8931689262390137,0.024208979681134224,0.03861385956406593,-0.44733908772468567,0.06103515625,-0.1220703125,-0.1220703125,-0.0396728515625,0.0625,1.0052490234375,-182.0,64.0,-205.0,102051.0,-6.028000354766846,0,0
372.123001,0.8931689262390137,0.024208979681134224,0.03861385956406593,-0.44733908772468567,0.30517578125,0.06103515625,0.0,-0.038330078125,0.0616455078125,1.006591796875,-182.0,64.0,-205.0,102051.0,-6.028000354766846,0,0
372.129033,0.8931689262390137,0.024208979681134224,0.03861385956406593,-0.44733908772468567,0.30517578125,0.06103515625,0.0,-0.038330078125,0.0616455078125,1.006591796875,-182.0,64.0,-205.0,102051.0,-6.028000354766846,0,0
372.136022,0.8932179808616638,0.02420409396290779,0.03861257806420326,-0.4472407400608063,0.06103515625,0.18310546875,0.06103515625,-0.0390625,0.064697265625,1.0048828125,-182.0,64.0,-204.0,102051.0,-6.027000427246094,0,0
372.143002,0.8932179808616638,0.02420409396290779,0.03861257806420326,-0.4472407400608063,0.0,0.1220703125,-0.18310546875,-0.0389404296875,0.0635986328125,1.0042724609375,-182.0,64.0,-204.0,102051.0,-6.027000427246094,0,0
372.150015,0.8932179808616638,0.02420409396290779,0.03861257806420326,-0.4472407400608063,0.18310546875,0.0,0.06103515625,-0.03857421875,0.0615234375,1.00537109375,-182.0,64.0,-204.0,102051.0,-6.027000427246094,0,0
372.156996,0.8932179808616638,0.02420409396290779,0.03861257806420326,-0.4472407400608063,-0.06103515625,0.30517578125,-0.06103515625,-0.0374755859375,0.062255859375,1.006103515625,-182.0,64.0,-204.0,102051.0,-6.027000427246094,0,0
372.163994,0.8932179808616638,0.02420409396290779,0.03861257806420326,-0.4472407400608063,-0.06103515625,0.30517578125,0.06103515625,-0.036376953125,0.062744140625,1.00439453125,-182.0,64.0,-204.0,102051.0,-6.027000427246094,0,0
372.171019,0.8932179808616638,0.02420409396290779,0.03861257806420326,-0.4472407400608063,0.06103515625,0.18310546875,0.0,-0.0389404296875,0.061767578125,1.0068359375,-182.0,64.0,-204.0,102051.0,-6.027000427246094,0,0
372.178003,0.8932179808616638,0.02420409396290779,0.03861257806420326,-0.4472407400608063,0.30517578125,0.0,-0.06103515625,-0.0394287109375,0.0604248046875,1.0074462890625,-182.0,64.0,-204.0,102051.0,-6.027000427246094,0,0
372.185018,0.8932179808616638,0.02420409396290779,0.03861257806420326,-0.4472407400608063,0.244140625,-0.06103515625,0.1220703125,-0.0352783203125,0.060791015625,1.005859375,-182.0,64.0,-204.0,102051.0,-6.027000427246094,0,0
372.206016,0.8932179808616638,0.02420409396290779,0.03861257806420326,-0.4472407400608063,0.18310546875,0.244140625,0.244140625,-0.037841796875,0.0615234375,1.0028076171875,-182.0,64.0,-204.0,102051.0,-6.027000427246094,0,0
372.213,0.8932179808616638,0.02420409396290779,0.03861257806420326,-0.4472407400608063,0.244140625,0.06103515625,-0.1220703125,-0.041015625,0.0650634765625,1.0069580078125,-182.0,64.0,-204.0,102051.0,-6.027000427246094,0,0
372.220019,0.8932179808616638,0.02420409396290779,0.03861257806420326,-0.4472407400608063,0.244140625,0.30517578125,-0.1220703125,-0.038818359375,0.060791015625,1.0057373046875,-182.0,64.0,-204.0,102051.0,-6.027000427246094,0,0
372.226053,0.8932179808616638,0.02420409396290779,0.03861257806420326,-0.4472407400608063,0.244140625,0.30517578125,-0.1220703125,-0.038818359375,0.060791015625,1.0057373046875,-182.0,64.0,-204.0,102051.0,-6.027000427246094,0,0
372.233001,0.8932963609695435,0.024201976135373116,0.03864246979355812,-0.4471375048160553,0.0,0.18310546875,-0.18310546875,-0.0384521484375,0.0611572265625,1.0054931640625,-182.0,64.0,-203.0,102051.0,-6.028000354766846,0,0
372.240015,0.8932963609695435,0.024201976135373116,0.03864246979355812,-0.4471375048160553,0.244140625,0.18310546875,0.3662109375,-0.037109375,0.06298828125,1.0081787109375,-182.0,64.0,-203.0,102051.0,-6.028000354766846,0,0
372.247,0.8932972550392151,0.02419816143810749,0.03861222416162491,-0.44713854789733887,0.18310546875,0.18310546875,0.06103515625,-0.036376953125,0.062744140625,1.0054931640625,-182.0,64.0,-203.0,102051.0,-6.028000354766846,0,0
372.253999,0.8932972550392151,0.02419816143810749,0.03861222416162491,-0.44713854789733887,0.3662109375,-0.18310546875,0.1220703125,-0.0362548828125,0.0638427734375,1.0054931640625,-182.0,64.0,-203.0,102051.0,-6.028000354766846,0,0
372.26102,0.8932972550392151,0.02419816143810749,0.03861222416162491,-0.44713854789733887,0.42724609375,0.0,-0.1220703125,-0.039794921875,0.061279296875,1.0067138671875,-182.0,64.0,-203.0,102051.0,-6.028000354766846,0,0
372.268003,0.8932972550392151,0.02419816143810749,0.03861222416162491,-0.44713854789733887,0.3662109375,0.1220703125,0.06103515625,-0.03857421875,0.0634765625,1.005126953125,-182.0,64.0,-203.0,102051.0,-6.028000354766846,0,0
372.288996,0.893298327922821,0.024228407070040703,0.03860840946435928,-0.44713762402534485,0.06103515625,-0.06103515625,-0.18310546875,-0.03955078125,0.0615234375,1.0074462890625,-182.0,64.0,-203.0,102051.0,-6.028000354766846,0,0
372.296017,0.893298327922821,0.024228407070040703,0.03860840946435928,-0.44713762402534485,-0.06103515625,0.06103515625,0.18310546875,-0.0396728515625,0.0616455078125,1.00439453125,-182.0,64.0,-203.0,102051.0,-6.028000354766846,0,0
372.303001,0.893298327922821,0.024228407070040703,0.03860840946435928,-0.44713762402534485,0.06103515625,0.06103515625,0.06103515625,-0.037841796875,0.0625,1.005615234375,-182.0,64.0,-203.0,102051.0,-6.028000354766846,0,0
372.310019,0.893298327922821,0.024228407070040703,0.03860840946435928,-0.44713762402534485,0.3662109375,0.1220703125,0.06103515625,-0.038330078125,0.0618896484375,1.0064697265625,-182.0,64.0,-203.0,102051.0,-6.028000354766846,0,0
372.316053,0.893298327922821,0.024228407070040703,0.03860840946435928,-0.44713762402534485,0.3662109375,0.1220703125,0.06103515625,-0.038330078125,0.0618896484375,1.0064697265625,-182.0,64.0,-203.0,102051.0,-6.028000354766846,0,0
372.323001,0.893298327922821,0.024228407070040703,0.03860840946435928,-0.44713762402534485,0.30517578125,0.244140625,0.06103515625,-0.0355224609375,0.060546875,1.00537109375,-182.0,64.0,-203.0,102051.0,-6.028000354766846,0,0
372.330015,0.893298327922821,0.024228407070040703,0.03860840946435928,-0.44713762402534485,0.06103515625,0.18310546875,-0.244140625,-0.0394287109375,0.0606689453125,1.005859375,-181.0,65.0,-204.0,102051.0,-6.028000354766846,0,0
372.336996,0.8933426141738892,0.02422640472650528,0.03863632306456566,-0.447007954120636,0.1220703125,0.0,-0.06103515625,-0.0380859375,0.06103515625,1.0052490234375,-181.0,65.0,-204.0,102051.0,-6.028000354766846,0,0
372.343994,0.8933426141738892,0.02422640472650528,0.03863632306456566,-0.447007954120636,0.06103515625,0.06103515625,-0.18310546875,-0.038330078125,0.06103515625,1.00537109375,-181.0,65.0,-204.0,102051.0,-6.028000354766846,0,0
372.351019,0.8933435082435608,0.024222590029239655,0.038606077432632446,-0.44700899720191956,0.42724609375,0.42724609375,-0.30517578125,-0.03857421875,0.06298828125,1.0050048828125,-181.0,65.0,-204.0,102051.0,-6.028000354766846,0,0
372.358003,0.8933426141738892,0.02422640472650528,0.03863632306456566,-0.447007954120636,0.1220703125,0.0,-0.06103515625,-0.039794921875,0.0599365234375,1.0068359375,-181.0,65.0,-204.0,102051.0,-6.028000354766846,0,0
372.365019,0.8933415412902832,0.024196159094572067,0.038640137761831284,-0.44700887799263,0.18310546875,0.30517578125,-0.06103515625,-0.039306640625,0.060302734375,1.0062255859375,-181.0,65.0,-204.0,102051.0,-6.028000354766846,0,0
372.371997,0.8933415412902832,0.024196159094572067,0.038640137761831284,-0.44700887799263,0.0,0.18310546875,0.0,-0.0384521484375,0.062744140625,1.00439453125,-181.0,65.0,-204.0,102051.0,-6.028000354766846,0,0
372.378996,0.8933426141738892,0.02422640472650528,0.03863632306456566,-0.447007954120636,0.06103515625,0.1220703125,-0.1220703125,-0.0384521484375,0.062744140625,1.007080078125,-181.0,65.0,-204.0,102051.0,-6.027000427246094,0,0
372.386016,0.8933415412902832,0.024196159094572067,0.038640137761831284,-0.44700887799263,-0.06103515625,0.42724609375,0.18310546875,-0.037353515625,0.061767578125,1.008056640625,-181.0,65.0,-204.0,102051.0,-6.027000427246094,0,0
372.393001,0.8933415412902832,0.024196159094572067,0.038640137761831284,-0.44700887799263,0.30517578125,-0.06103515625,-0.06103515625,-0.0364990234375,0.06103515625,1.0047607421875,-181.0,65.0,-204.0,102051.0,-6.027000427246094,0,0
372.400019,0.8933415412902832,0.024196159094572067,0.038640137761831284,-0.44700887799263,0.42724609375,0.3662109375,-0.244140625,-0.03759765625,0.0606689453125,1.0064697265625,-181.0,65.0,-204.0,102051.0,-6.027000427246094,0,0
372.406053,0.8933415412902832,0.024196159094572067,0.038640137761831284,-0.44700887799263,0.42724609375,0.3662109375,-0.244140625,-0.03759765625,0.0606689453125,1.0064697265625,-181.0,65.0,-204.0,102051.0,-6.027000427246094,0,0
372.413001,0.8933415412902832,0.024196159094572067,0.038640137761831284,-0.44700887799263,0.0,0.244140625,0.0,-0.0389404296875,0.062744140625,1.0025634765625,-181.0,65.0,-204.0,102051.0,-6.027000427246094,0,0
372.420015,0.8933424353599548,0.024192344397306442,0.03860989212989807,-0.4470099210739136,0.1220703125,0.06103515625,0.0,-0.0384521484375,0.0645751953125,1.0062255859375,-181.0,65.0,-204.0,102051.0,-6.027000427246094,0,0
372.426996,0.8933426141738892,0.02422640472650528,0.03863632306456566,-0.447007954120636,-0.06103515625,0.18310546875,-0.1220703125,-0.03857421875,0.062744140625,1.0059814453125,-180.0,65.0,-204.0,102051.0,-6.027000427246094,0,0
372.433994,0.8933916687965393,0.024221519008278847,0.03863504156470299,-0.4469096064567566,-0.18310546875,0.3662109375,0.244140625,-0.0374755859375,0.0625,1.0052490234375,-180.0,65.0,-204.0,102051.0,-6.027000427246094,0,0
372.441019,0.893391489982605,0.02418745867908001,0.0386086106300354,-0.4469115734100342,0.244140625,0.0,0.06103515625,-0.0377197265625,0.0616455078125,1.006103515625,-180.0,65.0,-204.0,102051.0,-6.027000427246094,0,0
372.461997,0.8933904767036438,0.024157213047146797,0.038612425327301025,-0.4469125270843506,0.1220703125,0.1220703125,0.1220703125,-0.0367431640625,0.0606689453125,1.0067138671875,-180.0,65.0,-204.0,102051.0,-6.027000427246094,0,0
372.468996,0.8933904767036438,0.024157213047146797,0.038612425327301025,-0.4469125270843506,0.30517578125,-0.244140625,0.1220703125,-0.0389404296875,0.0601806640625,1.0064697265625,-180.0,65.0,-204.0,102051.0,-6.027000427246094,0,0
372.476016,0.8933895826339722,0.024161027744412422,0.03864267095923424,-0.446911484003067,0.30517578125,0.0,0.06103515625,-0.03955078125,0.061279296875,1.0050048828125,-180.0,65.0,-204.0,102051.0,-6.028000354766846,0,0
372.483001,0.8933895826339722,0.024161027744412422,0.03864267095923424,-0.446911484003067,0.244140625,0.1220703125,0.0,-0.0382080078125,0.062744140625,1.0048828125,-180.0,65.0,-204.0,102051.0,-6.028000354766846,0,0
372.490019,0.8933895826339722,0.024161027744412422,0.03864267095923424,-0.446911484003067,0.244140625,0.06103515625,0.18310546875,-0.0394287109375,0.0614013671875,1.0052490234375,-180.0,65.0,-204.0,102051.0,-6.028000354766846,0,0
372.496994,0.8933895826339722,0.024161027744412422,0.03864267095923424,-0.446911484003067,0.244140625,-0.1220703125,0.1220703125,-0.038330078125,0.06103515625,1.00439453125,-180.0,65.0,-204.0,102051.0,-6.028000354766846,0,0
372.503023,0.8933895826339722,0.024161027744412422,0.03864267095923424,-0.446911484003067,0.244140625,-0.1220703125,0.1220703125,-0.038330078125,0.06103515625,1.00439453125,-180.0,65.0,-204.0,102051.0,-6.028000354766846,0,0
372.510015,0.8933895826339722,0.024161027744412422,0.03864267095923424,-0.446911484003067,0.0,-0.06103515625,-0.06103515625,-0.0400390625,0.063232421875,1.00830078125,-180.0,65.0,-204.0,102051.0,-6.028000354766846,0,0
372.517,0.8933895826339722,0.024161027744412422,0.03864267095923424,-0.446911484003067,0.18310546875,0.18310546875,-0.06103515625,-0.03857421875,0.0625,1.00634765625,-180.0,65.0,-204.0,102051.0,-6.028000354766846,0,0
372.523999,0.8933904767036438,0.024157213047146797,0.038612425327301025,-0.4469125270843506,0.30517578125,-0.30517578125,0.0,-0.0361328125,0.06396484375,1.005615234375,-180.0,65.0,-204.0,102051.0,-6.028000354766846,0,0
372.53102,0.8933904767036438,0.024157213047146797,0.038612425327301025,-0.4469125270843506,0.18310546875,0.06103515625,-0.06103515625,-0.03857421875,0.062255859375,1.0067138671875,-180.0,63.0,-203.0,102051.0,-6.028000354766846,0,0
372.551997,0.8933414220809937,0.02416209876537323,0.038613710552453995,-0.44701087474823,0.18310546875,0.30517578125,-0.06103515625,-0.03955078125,0.0628662109375,1.00439453125,-180.0,63.0,-203.0,102051.0,-6.028000354766846,0,0
372.558996,0.8933414220809937,0.02416209876537323,0.038613710552453995,-0.44701087474823,0.244140625,0.0,-0.06103515625,-0.0374755859375,0.064697265625,1.005126953125,-180.0,63.0,-203.0,102051.0,-6.028000354766846,0,0
372.566017,0.8933414220809937,0.02416209876537323,0.038613710552453995,-0.44701087474823,0.06103515625,0.06103515625,0.06103515625,-0.0350341796875,0.0611572265625,1.0050048828125,-180.0,63.0,-203.0,102051.0,-6.028000354766846,0,0
372.573001,0.8933414220809937,0.02416209876537323,0.038613710552453995,-0.44701087474823,0.06103515625,0.0,-0.244140625,-0.0380859375,0.0628662109375,1.008544921875,-180.0,63.0,-203.0,102051.0,-6.028000354766846,0,0
372.580019,0.8933414220809937,0.02416209876537323,0.038613710552453995,-0.44701087474823,-0.1220703125,-0.18310546875,0.06103515625,-0.0374755859375,0.0631103515625,1.004638671875,-180.0,63.0,-203.0,102051.0,-6.027000427246094,0,0
372.586999,0.8933414220809937,0.02416209876537323,0.038613710552453995,-0.44701087474823,0.18310546875,0.1220703125,0.30517578125,-0.04052734375,0.0615234375,1.0064697265625,-180.0,63.0,-203.0,102051.0,-6.027000427246094,0,0
372.593032,0.8933414220809937,0.02416209876537323,0.038613710552453995,-0.44701087474823,0.18310546875,0.1220703125,0.30517578125,-0.04052734375,0.0615234375,1.0064697265625,-180.0,63.0,-203.0,102051.0,-6.027000427246094,0,0
372.600015,0.8933414220809937,0.02416209876537323,0.038613710552453995,-0.44701087474823,0.1220703125,0.06103515625,-0.1220703125,-0.040283203125,0.0609130859375,1.00439453125,-180.0,63.0,-203.0,102051.0,-6.027000427246094,0,0
372.607,0.8933414220809937,0.02416209876537323,0.038613710552453995,-0.44701087474823,0.18310546875,0.18310546875,0.06103515625,-0.0367431640625,0.0615234375,1.005615234375,-180.0,63.0,-203.0,102051.0,-6.027000427246094,0,0
372.613994,0.8933414220809937,0.02416209876537323,0.038613710552453995,-0.44701087474823,0.244140625,0.30517578125,-0.1220703125,-0.03857421875,0.0609130859375,1.00732421875,-180.0,63.0,-203.0,102051.0,-6.027000427246094,0,0
372.621019,0.893340528011322,0.024165913462638855,0.03864395618438721,-0.4470098316669464,0.18310546875,0.0,0.18310546875,-0.0386962890625,0.0623779296875,1.00634765625,-180.0,63.0,-203.0,102051.0,-6.027000427246094,0,0
372.628003,0.8933414220809937,0.02416209876537323,0.038613710552453995,-0.44701087474823,0.1220703125,0.3662109375,0.0,-0.0369873046875,0.060546875,1.0074462890625,-181.0,63.0,-203.0,102051.0,-6.027000427246094,0,0
372.635018,0.8932169675827026,0.02417384833097458,0.03861639276146889,-0.4472416937351227,0.18310546875,0.06103515625,-0.06103515625,-0.037353515625,0.059814453125,1.0074462890625,-181.0,63.0,-203.0,102051.0,-6.027000427246094,0,0
372.641997,0.8932158946990967,0.024143602699041367,0.03862020745873451,-0.4472426176071167,0.244140625,-0.244140625,-0.06103515625,-0.0379638671875,0.0611572265625,1.0054931640625,-181.0,63.0,-203.0,102051.0,-6.027000427246094,0,0
372.648996,0.8932158946990967,0.024143602699041367,0.03862020745873451,-0.4472426176071167,0.1220703125,0.06103515625,0.0,-0.0374755859375,0.063720703125,1.005859375,-181.0,63.0,-203.0,102051.0,-6.027000427246094,0,0
372.656016,0.8932158946990967,0.024143602699041367,0.03862020745873451,-0.4472426176071167,0.1220703125,0.244140625,0.0,-0.03955078125,0.06005859375,1.0054931640625,-181.0,63.0,-203.0,102051.0,-6.027000427246094,0,0
372.663001,0.8932158946990967,0.024143602699041367,0.03862020745873451,-0.4472426176071167,0.54931640625,-0.1220703125,0.06103515625,-0.0369873046875,0.060546875,1.0078125,-181.0,63.0,-203.0,102051.0,-6.027000427246094,0,0
372.670019,0.8932158946990967,0.024143602699041367,0.03862020745873451,-0.4472426176071167,0.18310546875,0.06103515625,0.06103515625,-0.037109375,0.0626220703125,1.0054931640625,-181.0,63.0,-203.0,102051.0,-6.027000427246094,0,0
372.676994,0.8932158946990967,0.024143602699041367,0.03862020745873451,-0.4472426176071167,0.48828125,0.1220703125,-0.1220703125,-0.039794921875,0.060791015625,1.0078125,-181.0,63.0,-203.0,102051.0,-6.027000427246094,0,0
372.683994,0.8932158946990967,0.024143602699041367,0.03862020745873451,-0.4472426176071167,0.1220703125,0.06103515625,0.18310546875,-0.03759765625,0.0628662109375,1.0045166015625,-181.0,63.0,-203.0,102051.0,-6.027000427246094,0,0
372.690026,0.8932158946990967,0.024143602699041367,0.03862020745873451,-0.4472426176071167,0.1220703125,0.06103515625,0.18310546875,-0.03759765625,0.0628662109375,1.0045166015625,-181.0,63.0,-203.0,102051.0,-6.027000427246094,0,0
372.696996,0.8932158946990967,0.024143602699041367,0.03862020745873451,-0.4472426176071167,0.30517578125,0.1220703125,0.1220703125,-0.0401611328125,0.0611572265625,1.0081787109375,-181.0,63.0,-203.0,102051.0,-6.027000427246094,0,0
372.703994,0.8932158946990967,0.024143602699041367,0.03862020745873451,-0.4472426176071167,0.244140625,0.06103515625,-0.30517578125,-0.038818359375,0.0628662109375,1.00537109375,-181.0,63.0,-203.0,102051.0,-6.027000427246094,0,0
372.725019,0.8932148814201355,0.024113357067108154,0.038624025881290436,-0.4472435414791107,0.244140625,0.30517578125,0.06103515625,-0.039306640625,0.058837890625,1.005859375,-181.0,63.0,-203.0,102051.0,-6.027000427246094,0,0
372.731998,0.8932148814201355,0.024113357067108154,0.038624025881290436,-0.4472435414791107,0.18310546875,-0.1220703125,0.18310546875,-0.0391845703125,0.0618896484375,1.0047607421875,-181.0,64.0,-203.0,102051.0,-6.027000427246094,0,0
372.738996,0.8932932615280151,0.02411123923957348,0.038653917610645294,-0.44714030623435974,0.244140625,0.1220703125,0.06103515625,-0.037109375,0.060546875,1.0048828125,-181.0,64.0,-203.0,102051.0,-6.027000427246094,0,0
372.746016,0.8932941555976868,0.024107424542307854,0.03862367197871208,-0.4471413493156433,0.18310546875,0.1220703125,0.1220703125,-0.0369873046875,0.061279296875,1.00634765625,-181.0,64.0,-203.0,102051.0,-6.027000427246094,0,0
372.753001,0.8932941555976868,0.024107424542307854,0.03862367197871208,-0.4471413493156433,0.18310546875,0.06103515625,-0.1220703125,-0.038818359375,0.0625,1.0057373046875,-181.0,64.0,-203.0,102051.0,-6.027000427246094,0,0
372.760019,0.8932941555976868,0.024107424542307854,0.03862367197871208,-0.4471413493156433,0.1220703125,0.18310546875,0.0,-0.037109375,0.060791015625,1.0045166015625,-181.0,64.0,-203.0,102051.0,-6.027000427246094,0,0
372.766994,0.8932932615280151,0.02411123923957348,0.038653917610645294,-0.44714030623435974,0.1220703125,-0.06103515625,0.0,-0.039306640625,0.0601806640625,1.0054931640625,-181.0,64.0,-203.0,102051.0,-6.027000427246094,0,0
372.773994,0.8932941555976868,0.024107424542307854,0.03862367197871208,-0.4471413493156433,0.18310546875,0.0,-0.18310546875,-0.0374755859375,0.06298828125,1.00732421875,-181.0,64.0,-203.0,102051.0,-6.027000427246094,0,0
372.780026,0.8932941555976868,0.024107424542307854,0.03862367197871208,-0.4471413493156433,0.18310546875,0.0,-0.18310546875,-0.0374755859375,0.06298828125,1.00732421875,-181.0,64.0,-203.0,102051.0,-6.027000427246094,0,0
372.786996,0.8932932615280151,0.02411123923957348,0.038653917610645294,-0.44714030623435974,0.244140625,0.30517578125,0.0,-0.039306640625,0.06005859375,1.0062255859375,-181.0,64.0,-203.0,102051.0,-6.028000354766846,0,0
372.793994,0.8932932615280151,0.02411123923957348,0.038653917610645294,-0.44714030623435974,-0.06103515625,0.1220703125,0.1220703125,-0.0399169921875,0.06103515625,1.0050048828125,-181.0,64.0,-203.0,102051.0,-6.028000354766846,0,0
372.815019,0.8932923078536987,0.024115057662129402,0.038684163242578506,-0.44713926315307617,0.244140625,0.0,0.0,-0.0391845703125,0.0618896484375,1.0074462890625,-181.0,64.0,-203.0,102051.0,-6.028000354766846,0,0
372.821997,0.8932923078536987,0.024115057662129402,0.038684163242578506,-0.44713926315307617,-0.1220703125,0.06103515625,-0.06103515625,-0.0372314453125,0.059814453125,1.00634765625,-181.0,64.0,-203.0,102051.0,-6.028000354766846,0,0
372.828996,0.8932932615280151,0.02411123923957348,0.038653917610645294,-0.44714030623435974,0.06103515625,0.30517578125,-0.06103515625,-0.0411376953125,0.0626220703125,1.0072021484375,-180.0,63.0,-203.0,102051.0,-6.028000354766846,0,0
372.836017,0.8932932615280151,0.02411123923957348,0.038653917610645294,-0.44714030623435974,-0.1220703125,0.18310546875,0.06103515625,-0.0372314453125,0.06103515625,1.0059814453125,-180.0,63.0,-203.0,102051.0,-6.028000354766846,0,0
372.843001,0.8932923078536987,0.024115057662129402,0.038684163242578506,-0.44713926315307617,0.1220703125,0.06103515625,-0.1220703125,-0.0390625,0.0611572265625,1.0054931640625,-180.0,63.0,-203.0,102051.0,-6.028000354766846,0,0
372.850019,0.8932923078536987,0.024115057662129402,0.038684163242578506,-0.44713926315307617,0.6103515625,0.1220703125,0.18310546875,-0.0384521484375,0.0599365234375,1.0050048828125,-180.0,63.0,-203.0,102051.0,-6.028000354766846,0,0
372.856999,0.8932923078536987,0.024115057662129402,0.038684163242578506,-0.44713926315307617,0.1220703125,0.18310546875,-0.30517578125,-0.0380859375,0.0640869140625,1.00634765625,-180.0,63.0,-203.0,102051.0,-6.028000354766846,0,0
372.863999,0.8932923078536987,0.024115057662129402,0.038684163242578506,-0.44713926315307617,0.06103515625,0.0,-0.1220703125,-0.039306640625,0.06103515625,1.0072021484375,-180.0,63.0,-203.0,102051.0,-6.028000354766846,0,0
372.87102,0.8932923078536987,0.024115057662129402,0.038684163242578506,-0.44713926315307617,0.18310546875,0.18310546875,-0.06103515625,-0.0386962890625,0.0609130859375,1.004638671875,-180.0,63.0,-203.0,102051.0,-6.028000354766846,0,0
372.877056,0.8932923078536987,0.024115057662129402,0.038684163242578506,-0.44713926315307617,0.18310546875,0.18310546875,-0.06103515625,-0.0386962890625,0.0609130859375,1.004638671875,-180.0,63.0,-203.0,102051.0,-6.028000354766846,0,0
372.883999,0.8932923078536987,0.024115057662129402,0.038684163242578506,-0.44713926315307617,0.30517578125,0.06103515625,-0.06103515625,-0.04052734375,0.0618896484375,1.005859375,-180.0,63.0,-203.0,102051.0,-6.028000354766846,0,0
372.89102,0.8932923078536987,0.024115057662129402,0.038684163242578506,-0.44713926315307617,0.06103515625,0.244140625,-0.244140625,-0.0382080078125,0.062255859375,1.00390625,-180.0,63.0,-203.0,102051.0,-6.028000354766846,0,0
372.898003,0.8932923078536987,0.024115057662129402,0.038684163242578506,-0.44713926315307617,0.3662109375,0.18310546875,0.06103515625,-0.04052734375,0.061279296875,1.008056640625,-180.0,63.0,-203.0,102051.0,-6.028000354766846,0,0
372.905018,0.8932923078536987,0.024115057662129402,0.038684163242578506,-0.44713926315307617,0.1220703125,0.18310546875,0.18310546875,-0.0391845703125,0.061767578125,1.007080078125,-180.0,63.0,-203.0,102051.0,-6.028000354766846,0,0
372.911997,0.8932923078536987,0.024115057662129402,0.038684163242578506,-0.44713926315307617,0.30517578125,0.1220703125,-0.18310546875,-0.037841796875,0.0640869140625,1.0045166015625,-180.0,63.0,-203.0,102051.0,-6.028000354766846,0,0
372.918996,0.8932923078536987,0.024115057662129402,0.038684163242578506,-0.44713926315307617,0.244140625,0.06103515625,0.0,-0.0400390625,0.0596923828125,1.0052490234375,-180.0,63.0,-203.0,102051.0,-6.028000354766846,0,0
372.926016,0.8932923078536987,0.024115057662129402,0.038684163242578506,-0.44713926315307617,0.1220703125,0.42724609375,-0.06103515625,-0.038330078125,0.0615234375,1.005126953125,-179.0,64.0,-204.0,102051.0,-6.028000354766846,0,0
372.933001,0.893385648727417,0.024108169600367546,0.03871079534292221,-0.4469112455844879,-0.1220703125,0.18310546875,-0.06103515625,-0.0369873046875,0.059814453125,1.005615234375,-179.0,64.0,-204.0,102051.0,-6.028000354766846,0,0
372.940019,0.893385648727417,0.024108169600367546,0.03871079534292221,-0.4469112455844879,0.18310546875,0.244140625,0.0,-0.0404052734375,0.0606689453125,1.005859375,-179.0,64.0,-204.0,102051.0,-6.028000354766846,0,0
372.946994,0.893385648727417,0.024108169600367546,0.03871079534292221,-0.4469112455844879,0.06103515625,0.244140625,-0.06103515625,-0.0396728515625,0.06298828125,1.0052490234375,-179.0,64.0,-204.0,102051.0,-6.028000354766846,0,0
372.953994,0.893385648727417,0.024108169600367546,0.03871079534292221,-0.4469112455844879,0.3662109375,0.06103515625,-0.1220703125,-0.03955078125,0.064697265625,1.0040283203125,-179.0,64.0,-204.0,102051.0,-6.028000354766846,0,0
372.961015,0.8933866620063782,0.02413841523230076,0.03870697692036629,-0.4469103217124939,0.3662109375,0.244140625,0.06103515625,-0.038330078125,0.0615234375,1.00439453125,-179.0,64.0,-204.0,102051.0,-6.028000354766846,0,0
372.967047,0.8933866620063782,0.02413841523230076,0.03870697692036629,-0.4469103217124939,0.3662109375,0.244140625,0.06103515625,-0.038330078125,0.0615234375,1.00439453125,-179.0,64.0,-204.0,102051.0,-6.028000354766846,0,0
372.988003,0.8933866620063782,0.02413841523230076,0.03870697692036629,-0.4469103217124939,0.42724609375,0.18310546875,0.06103515625,-0.03759765625,0.061279296875,1.005859375,-179.0,64.0,-204.0,102051.0,-6.028000354766846,0,0
372.995018,0.8933866620063782,0.02413841523230076,0.03870697692036629,-0.4469103217124939,0.0,0.0,0.0,-0.03759765625,0.062255859375,1.0050048828125,-179.0,64.0,-204.0,102051.0,-6.028000354766846,0,0
373.001998,0.8933875560760498,0.024134600535035133,0.038676731288433075,-0.44691136479377747,0.30517578125,0.06103515625,-0.1220703125,-0.037841796875,0.061767578125,1.005126953125,-179.0,64.0,-204.0,102051.0,-6.028000354766846,0,0
373.008996,0.8933875560760498,0.024134600535035133,0.038676731288433075,-0.44691136479377747,-0.1220703125,0.0,0.06103515625,-0.038818359375,0.0618896484375,1.0059814453125,-179.0,64.0,-204.0,102051.0,-6.028000354766846,0,0
373.016016,0.8933875560760498,0.024134600535035133,0.038676731288433075,-0.44691136479377747,0.0,-0.06103515625,-0.18310546875,-0.0369873046875,0.0623779296875,1.00390625,-179.0,64.0,-204.0,102051.0,-6.028000354766846,0,0
373.023,0.8933875560760498,0.024134600535035133,0.038676731288433075,-0.44691136479377747,-0.1220703125,0.18310546875,0.1220703125,-0.0389404296875,0.061767578125,1.00537109375,-179.0,64.0,-204.0,102051.0,-6.028000354766846,0,0
373.030019,0.8933875560760498,0.024134600535035133,0.038676731288433075,-0.44691136479377747,0.18310546875,0.244140625,0.1220703125,-0.0364990234375,0.0615234375,1.00537109375,-179.0,64.0,-205.0,102051.0,-6.028000354766846,0,0
373.036994,0.8934355974197388,0.02409946918487549,0.03867926821112633,-0.4468139111995697,0.244140625,-0.1220703125,0.18310546875,-0.03759765625,0.0595703125,1.0040283203125,-179.0,64.0,-205.0,102051.0,-6.028000354766846,0,0
373.043994,0.8934355974197388,0.02409946918487549,0.03867926821112633,-0.4468139111995697,0.18310546875,0.1220703125,0.30517578125,-0.03662109375,0.064697265625,1.004638671875,-179.0,64.0,-205.0,102051.0,-6.028000354766846,0,0
373.051015,0.8934366106987,0.0241297148168087,0.038675449788570404,-0.4468129873275757,0.30517578125,-0.06103515625,-0.06103515625,-0.0391845703125,0.063232421875,1.0045166015625,-179.0,64.0,-205.0,102051.0,-6.028000354766846,0,0
373.057998,0.8934366106987,0.0241297148168087,0.038675449788570404,-0.4468129873275757,0.06103515625,0.18310546875,-0.1220703125,-0.037353515625,0.0614013671875,1.005126953125,-179.0,64.0,-205.0,102051.0,-6.028000354766846,0,0
373.078003,0.8934366106987,0.0241297148168087,0.038675449788570404,-0.4468129873275757,0.18310546875,0.18310546875,0.06103515625,-0.0377197265625,0.0614013671875,1.00390625,-179.0,64.0,-205.0,102051.0,-6.028000354766846,0,0
373.085019,0.8934366106987,0.0241297148168087,0.038675449788570404,-0.4468129873275757,-0.06103515625,0.0,0.18310546875,-0.0343017578125,0.0623779296875,1.00341796875,-179.0,64.0,-205.0,102051.0,-6.028000354766846,0,0
373.091997,0.8934366106987,0.0241297148168087,0.038675449788570404,-0.4468129873275757,0.3662109375,0.30517578125,0.0,-0.0396728515625,0.061279296875,1.0064697265625,-179.0,64.0,-205.0,102051.0,-6.028000354766846,0,0
373.098996,0.8934366106987,0.0241297148168087,0.038675449788570404,-0.4468129873275757,0.06103515625,-0.06103515625,-0.18310546875,-0.0372314453125,0.06298828125,1.007080078125,-179.0,64.0,-205.0,102051.0,-6.028000354766846,0,0
373.106017,0.8934375643730164,0.024125896394252777,0.03864520415663719,-0.44681403040885925,0.244140625,-0.06103515625,0.18310546875,-0.036376953125,0.0631103515625,1.00537109375,-179.0,64.0,-205.0,102051.0,-6.028000354766846,0,0
373.113001,0.8934366106987,0.0241297148168087,0.038675449788570404,-0.4468129873275757,0.244140625,0.0,-0.1220703125,-0.0394287109375,0.0611572265625,1.005615234375,-179.0,64.0,-205.0,102051.0,-6.028000354766846,0,0
373.120019,0.8934366106987,0.0241297148168087,0.038675449788570404,-0.4468129873275757,0.244140625,0.0,0.06103515625,-0.038330078125,0.062744140625,1.0067138671875,-179.0,64.0,-205.0,102051.0,-6.028000354766846,0,0
373.126999,0.8934366106987,0.0241297148168087,0.038675449788570404,-0.4468129873275757,0.18310546875,0.06103515625,0.0,-0.0384521484375,0.062744140625,1.0040283203125,-178.0,63.0,-205.0,102051.0,-6.028000354766846,0,0
373.133999,0.8934355974197388,0.02409946918487549,0.03867926821112633,-0.4468139111995697,0.06103515625,0.244140625,0.0,-0.0367431640625,0.059814453125,1.00634765625,-178.0,63.0,-205.0,102051.0,-6.028000354766846,0,0
373.14102,0.8934355974197388,0.02409946918487549,0.03867926821112633,-0.4468139111995697,0.06103515625,0.244140625,-0.06103515625,-0.038330078125,0.0611572265625,1.00634765625,-178.0,63.0,-205.0,102051.0,-6.028000354766846,0,0
373.147998,0.8934365510940552,0.024095650762319565,0.038649022579193115,-0.44681495428085327,0.1220703125,-0.1220703125,0.06103515625,-0.0369873046875,0.0625,1.0050048828125,-178.0,63.0,-205.0,102051.0,-6.028000354766846,0,0
373.154031,0.8934365510940552,0.024095650762319565,0.038649022579193115,-0.44681495428085327,0.1220703125,-0.1220703125,0.06103515625,-0.0369873046875,0.0625,1.0050048828125,-178.0,63.0,-205.0,102051.0,-6.028000354766846,0,0
373.16102,0.8934355974197388,0.02409946918487549,0.03867926821112633,-0.4468139111995697,0.18310546875,0.06103515625,0.0,-0.0377197265625,0.0614013671875,1.0042724609375,-178.0,63.0,-205.0,102051.0,-6.028000354766846,0,0
373.168003,0.8934365510940552,0.024095650762319565,0.038649022579193115,-0.44681495428085327,0.42724609375,-0.1220703125,0.06103515625,-0.03662109375,0.0618896484375,1.00439453125,-178.0,63.0,-205.0,102051.0,-6.028000354766846,0,0
373.175019,0.8934355974197388,0.02409946918487549,0.03867926821112633,-0.4468139111995697,0.3662109375,0.30517578125,0.0,-0.03955078125,0.0621337890625,1.0047607421875,-178.0,63.0,-205.0,102051.0,-6.028000354766846,0,0
373.181997,0.8934365510940552,0.024095650762319565,0.038649022579193115,-0.44681495428085327,0.18310546875,0.06103515625,0.0,-0.0372314453125,0.0625,1.00390625,-178.0,63.0,-205.0,102051.0,-6.028000354766846,0,0
373.188996,0.8934365510940552,0.024095650762319565,0.038649022579193115,-0.44681495428085327,0.244140625,0.244140625,-0.06103515625,-0.0389404296875,0.0616455078125,1.004638671875,-178.0,63.0,-205.0,102051.0,-6.028000354766846,0,0
373.196017,0.8934365510940552,0.024095650762319565,0.038649022579193115,-0.44681495428085327,0.3662109375,0.30517578125,0.18310546875,-0.039306640625,0.0615234375,1.00537109375,-178.0,63.0,-205.0,102051.0,-6.028000354766846,0,0
373.203001,0.8934365510940552,0.024095650762319565,0.038649022579193115,-0.44681495428085327,0.1220703125,0.244140625,-0.1220703125,-0.04052734375,0.0614013671875,1.004638671875,-178.0,63.0,-205.0,102051.0,-6.028000354766846,0,0
373.210019,0.8934365510940552,0.024095650762319565,0.038649022579193115,-0.44681495428085327,0.18310546875,0.18310546875,-0.06103515625,-0.036865234375,0.0601806640625,1.003173828125,-178.0,63.0,-205.0,102051.0,-6.028000354766846,0,0
373.216994,0.8934355974197388,0.02409946918487549,0.03867926821112633,-0.4468139111995697,0.18310546875,0.18310546875,-0.1220703125,-0.0408935546875,0.0626220703125,1.00634765625,-178.0,63.0,-205.0,102051.0,-6.028000354766846,0,0
373.223994,0.8934375643730164,0.024125896394252777,0.03864520415663719,-0.44681403040885925,0.244140625,0.06103515625,-0.1220703125,-0.037841796875,0.06298828125,1.0069580078125,-178.0,63.0,-205.0,102051.0,-6.028000354766846,0,0
373.231015,0.893513023853302,0.024119030684232712,0.03864380344748497,-0.44668158888816833,0.06103515625,0.18310546875,-0.30517578125,-0.0399169921875,0.0638427734375,1.0035400390625,-179.0,64.0,-203.0,102051.0,-6.028000354766846,0,0
373.25105,0.8935120701789856,0.024122849106788635,0.03867404907941818,-0.44668054580688477,0.18310546875,-0.06103515625,0.06103515625,-0.0380859375,0.06201171875,1.0025634765625,-179.0,64.0,-203.0,102051.0,-6.028000354766846,0,0
373.258003,0.8935131430625916,0.024153094738721848,0.03867023438215256,-0.44667962193489075,0.1220703125,0.06103515625,-0.06103515625,-0.0406494140625,0.06591796875,1.0050048828125,-179.0,64.0,-203.0,102051.0,-6.028000354766846,0,0
373.265018,0.8935131430625916,0.024153094738721848,0.03867023438215256,-0.44667962193489075,0.30517578125,0.1220703125,0.18310546875,-0.0374755859375,0.0615234375,1.0045166015625,-179.0,64.0,-203.0,102051.0,-6.028000354766846,0,0
373.271997,0.8935131430625916,0.024153094738721848,0.03867023438215256,-0.44667962193489075,0.18310546875,-0.06103515625,-0.244140625,-0.0391845703125,0.0606689453125,1.00634765625,-179.0,64.0,-203.0,102051.0,-6.028000354766846,0,0
373.278996,0.8935131430625916,0.024153094738721848,0.03867023438215256,-0.44667962193489075,0.06103515625,-0.06103515625,-0.1220703125,-0.0367431640625,0.062744140625,1.00439453125,-179.0,64.0,-203.0,102051.0,-6.028000354766846,0,0
373.286016,0.8935120701789856,0.024122849106788635,0.03867404907941818,-0.44668054580688477,0.06103515625,0.0,0.1220703125,-0.035888671875,0.06103515625,1.0048828125,-179.0,64.0,-203.0,102051.0,-6.028000354766846,0,0
373.293001,0.8935120701789856,0.024122849106788635,0.03867404907941818,-0.44668054580688477,0.18310546875,0.0,0.18310546875,-0.0372314453125,0.061279296875,1.005126953125,-179.0,64.0,-203.0,102051.0,-6.028000354766846,0,0
373.300019,0.8935120701789856,0.024122849106788635,0.03867404907941818,-0.44668054580688477,0.0,-0.06103515625,0.0,-0.039794921875,0.0614013671875,1.005126953125,-179.0,64.0,-203.0,102051.0,-6.028000354766846,0,0
373.306994,0.8935120701789856,0.024122849106788635,0.03867404907941818,-0.44668054580688477,0.1220703125,0.06103515625,0.06103515625,-0.037841796875,0.06005859375,1.004150390625,-179.0,64.0,-203.0,102051.0,-6.028000354766846,0,0
373.313994,0.8935120701789856,0.024122849106788635,0.03867404907941818,-0.44668054580688477,0.1220703125,0.244140625,0.0,-0.03857421875,0.0604248046875,1.00439453125,-179.0,64.0,-203.0,102051.0,-6.028000354766846,0,0
373.321015,0.8935120701789856,0.024122849106788635,0.03867404907941818,-0.44668054580688477,0.06103515625,0.0,-0.1220703125,-0.0389404296875,0.063232421875,1.0025634765625,-179.0,64.0,-203.0,102051.0,-6.028000354766846,0,0
373.34105,0.8935120701789856,0.024122849106788635,0.03867404907941818,-0.44668054580688477,0.1220703125,0.0,0.0,-0.039306640625,0.0611572265625,1.0081787109375,-179.0,63.0,-201.0,102051.0,-6.028000354766846,0,0
373.348003,0.8935122489929199,0.024156909435987473,0.03870048001408577,-0.4466785788536072,0.1220703125,0.06103515625,0.1220703125,-0.0401611328125,0.064453125,1.005859375,-179.0,63.0,-201.0,102051.0,-6.028000354766846,0,0
373.355018,0.8935122489929199,0.024156909435987473,0.03870048001408577,-0.4466785788536072,0.0,0.244140625,0.0,-0.038818359375,0.0614013671875,1.0047607421875,-179.0,63.0,-201.0,102051.0,-6.028000354766846,0,0
373.361998,0.8935131430625916,0.024153094738721848,0.03867023438215256,-0.44667962193489075,0.3662109375,0.1220703125,0.0,-0.0384521484375,0.0635986328125,1.0042724609375,-179.0,63.0,-201.0,102051.0,-6.028000354766846,0,0
373.368996,0.8935131430625916,0.024153094738721848,0.03867023438215256,-0.44667962193489075,0.244140625,0.18310546875,-0.06103515625,-0.03662109375,0.0628662109375,1.0040283203125,-179.0,63.0,-201.0,102051.0,-6.028000354766846,0,0
373.376016,0.8935122489929199,0.024156909435987473,0.03870048001408577,-0.4466785788536072,0.18310546875,0.30517578125,0.0,-0.04150390625,0.0618896484375,1.006103515625,-179.0,63.0,-201.0,102051.0,-6.027000427246094,0,0
373.383,0.8935122489929199,0.024156909435987473,0.03870048001408577,-0.4466785788536072,0.1220703125,0.18310546875,-0.06103515625,-0.0396728515625,0.0609130859375,1.00439453125,-179.0,63.0,-201.0,102051.0,-6.027000427246094,0,0
373.390019,0.8935132622718811,0.024187155067920685,0.038696665316820145,-0.44667762517929077,0.3662109375,-0.06103515625,0.1220703125,-0.0411376953125,0.0633544921875,1.003662109375,-179.0,63.0,-201.0,102051.0,-6.027000427246094,0,0
373.396994,0.8935132622718811,0.024187155067920685,0.038696665316820145,-0.44667762517929077,0.06103515625,0.18310546875,0.0,-0.039794921875,0.0615234375,1.0064697265625,-179.0,63.0,-201.0,102051.0,-6.027000427246094,0,0
373.403995,0.8935132622718811,0.024187155067920685,0.038696665316820145,-0.44667762517929077,0.3662109375,0.06103515625,-0.1220703125,-0.0379638671875,0.0635986328125,1.0068359375,-179.0,63.0,-201.0,102051.0,-6.027000427246094,0,0
373.41102,0.8935132622718811,0.024187155067920685,0.038696665316820145,-0.44667762517929077,0.1220703125,0.0,0.0,-0.0400390625,0.062255859375,1.004150390625,-179.0,63.0,-201.0,102051.0,-6.027000427246094,0,0
373.417998,0.8935122489929199,0.024156909435987473,0.03870048001408577,-0.4466785788536072,0.30517578125,0.1220703125,0.0,-0.03662109375,0.062744140625,1.004638671875,-179.0,63.0,-201.0,102051.0,-6.027000427246094,0,0
373.425018,0.8935132622718811,0.024187155067920685,0.038696665316820145,-0.44667762517929077,0.06103515625,-0.06103515625,0.244140625,-0.0384521484375,0.0633544921875,1.0062255859375,-179.0,63.0,-201.0,102051.0,-6.027000427246094,0,0
373.431996,0.8935132622718811,0.024187155067920685,0.038696665316820145,-0.44667762517929077,0.1220703125,-0.06103515625,-0.06103515625,-0.0384521484375,0.0618896484375,1.0029296875,-181.0,64.0,-202.0,102051.0,-6.027000427246094,0,0
373.438029,0.8935132622718811,0.024187155067920685,0.038696665316820145,-0.44667762517929077,0.1220703125,-0.06103515625,-0.06103515625,-0.0384521484375,0.0618896484375,1.0029296875,-181.0,64.0,-202.0,102051.0,-6.027000427246094,0,0
373.445019,0.8935132622718811,0.024187155067920685,0.038696665316820145,-0.44667762517929077,0.244140625,0.0,-0.18310546875,-0.0394287109375,0.0638427734375,1.0048828125,-181.0,64.0,-202.0,102051.0,-6.027000427246094,0,0
373.451998,0.8935141563415527,0.02418334037065506,0.03866641968488693,-0.44667866826057434,0.244140625,0.06103515625,0.0,-0.037841796875,0.0618896484375,1.0048828125,-181.0,64.0,-202.0,102051.0,-6.027000427246094,0,0
373.458996,0.8935141563415527,0.02418334037065506,0.03866641968488693,-0.44667866826057434,0.1220703125,0.1220703125,0.1220703125,-0.0382080078125,0.061279296875,1.005859375,-181.0,64.0,-202.0,102051.0,-6.027000427246094,0,0
373.466017,0.8935141563415527,0.02418334037065506,0.03866641968488693,-0.44667866826057434,0.18310546875,-0.1220703125,0.1220703125,-0.0394287109375,0.064208984375,1.0050048828125,-181.0,64.0,-202.0,102051.0,-6.027000427246094,0,0
373.473001,0.8935141563415527,0.02418334037065506,0.03866641968488693,-0.44667866826057434,0.18310546875,0.06103515625,0.06103515625,-0.0374755859375,0.062744140625,1.0047607421875,-181.0,64.0,-202.0,102051.0,-6.027000427246094,0,0
373.480019,0.8935141563415527,0.02418334037065506,0.03866641968488693,-0.44667866826057434,0.1220703125,0.18310546875,0.244140625,-0.0377197265625,0.0634765625,1.0064697265625,-181.0,64.0,-202.0,102050.0,-6.025000095367432,0,0
373.486999,0.8935131430625916,0.024153094738721848,0.03867023438215256,-0.44667962193489075,0.1220703125,0.1220703125,0.0,-0.0367431640625,0.0616455078125,1.004150390625,-181.0,64.0,-202.0,102050.0,-6.025000095367432,0,0
373.493999,0.8935131430625916,0.024153094738721848,0.03867023438215256,-0.44667962193489075,0.18310546875,-0.244140625,-0.1220703125,-0.0406494140625,0.06103515625,1.0057373046875,-181.0,64.0,-202.0,102050.0,-6.025000095367432,0,0
373.515018,0.8935141563415527,0.02418334037065506,0.03866641968488693,-0.44667866826057434,0.1220703125,0.06103515625,-0.06103515625,-0.03955078125,0.0615234375,1.0059814453125,-181.0,64.0,-202.0,102050.0,-6.025000095367432,0,0
373.521996,0.8935132622718811,0.024187155067920685,0.038696665316820145,-0.44667762517929077,0.3662109375,0.244140625,-0.1220703125,-0.0394287109375,0.0631103515625,1.002197265625,-181.0,64.0,-202.0,102050.0,-6.025000095367432,0,0
373.528029,0.8935132622718811,0.024187155067920685,0.038696665316820145,-0.44667762517929077,0.3662109375,0.244140625,-0.1220703125,-0.0394287109375,0.0631103515625,1.002197265625,-181.0,64.0,-202.0,102050.0,-6.025000095367432,0,0
373.535019,0.8935613036155701,0.02415202371776104,0.0386991985142231,-0.4465802311897278,0.18310546875,0.06103515625,-0.1220703125,-0.0389404296875,0.0614013671875,1.0048828125,-180.0,65.0,-203.0,102050.0,-6.025000095367432,0,0
373.541998,0.8935613036155701,0.02415202371776104,0.0386991985142231,-0.4465802311897278,-0.06103515625,0.18310546875,0.06103515625,-0.0374755859375,0.0611572265625,1.00537109375,-180.0,65.0,-203.0,102050.0,-6.025000095367432,0,0
373.548996,0.8935613036155701,0.02415202371776104,0.0386991985142231,-0.4465802311897278,0.1220703125,-0.06103515625,0.06103515625,-0.0394287109375,0.06103515625,1.003173828125,-180.0,65.0,-203.0,102050.0,-6.025000095367432,0,0
373.556016,0.8935613036155701,0.02415202371776104,0.0386991985142231,-0.4465802311897278,0.48828125,0.30517578125,0.0,-0.036376953125,0.0623779296875,1.00341796875,-180.0,65.0,-203.0,102050.0,-6.025000095367432,0,0
373.563001,0.8935613036155701,0.02415202371776104,0.0386991985142231,-0.4465802311897278,0.18310546875,0.244140625,0.1220703125,-0.0384521484375,0.061767578125,1.006103515625,-180.0,65.0,-203.0,102050.0,-6.025000095367432,0,0
373.570019,0.8935613036155701,0.02415202371776104,0.0386991985142231,-0.4465802311897278,0.0,0.1220703125,0.18310546875,-0.0379638671875,0.059326171875,1.00537109375,-180.0,65.0,-203.0,102050.0,-6.025000095367432,0,0
373.576994,0.8935613036155701,0.02415202371776104,0.0386991985142231,-0.4465802311897278,0.42724609375,0.1220703125,-0.1220703125,-0.0404052734375,0.0633544921875,1.004638671875,-180.0,65.0,-203.0,102051.0,-6.027000427246094,0,0
373.597998,0.8935613036155701,0.02415202371776104,0.0386991985142231,-0.4465802311897278,0.06103515625,-0.1220703125,-0.1220703125,-0.0379638671875,0.0643310546875,1.004638671875,-180.0,65.0,-203.0,102051.0,-6.027000427246094,0,0
373.605018,0.8935613036155701,0.02415202371776104,0.0386991985142231,-0.4465802311897278,0.06103515625,0.1220703125,0.0,-0.0369873046875,0.06298828125,1.0023193359375,-180.0,65.0,-203.0,102051.0,-6.027000427246094,0,0
373.611996,0.8935613036155701,0.02415202371776104,0.0386991985142231,-0.4465802311897278,0.30517578125,-0.06103515625,0.0,-0.0347900390625,0.060302734375,1.0057373046875,-180.0,65.0,-203.0,102051.0,-6.027000427246094,0,0
373.618996,0.8935613036155701,0.02415202371776104,0.0386991985142231,-0.4465802311897278,0.06103515625,0.1220703125,-0.18310546875,-0.041259765625,0.0609130859375,1.0050048828125,-180.0,65.0,-203.0,102051.0,-6.027000427246094,0,0
373.625028,0.8935613036155701,0.02415202371776104,0.0386991985142231,-0.4465802311897278,0.06103515625,0.1220703125,-0.18310546875,-0.041259765625,0.0609130859375,1.0050048828125,-180.0,65.0,-203.0,102051.0,-6.027000427246094,0,0
373.631997,0.8936065435409546,0.02414621040225029,0.03869686648249626,-0.4464516043663025,0.18310546875,0.18310546875,-0.18310546875,-0.0380859375,0.0614013671875,1.0052490234375,-180.0,65.0,-203.0,102051.0,-6.027000427246094,0,0
373.638996,0.8936065435409546,0.02414621040225029,0.03869686648249626,-0.4464516043663025,0.3662109375,0.06103515625,-0.1220703125,-0.038330078125,0.06298828125,1.00439453125,-180.0,65.0,-203.0,102051.0,-6.027000427246094,0,0
373.646016,0.8936065435409546,0.02414621040225029,0.03869686648249626,-0.4464516043663025,-0.06103515625,0.244140625,-0.244140625,-0.04052734375,0.0621337890625,1.00537109375,-180.0,65.0,-203.0,102051.0,-6.027000427246094,0,0
373.653001,0.8936065435409546,0.02414621040225029,0.03869686648249626,-0.4464516043663025,0.06103515625,0.18310546875,0.06103515625,-0.037841796875,0.061767578125,1.0040283203125,-180.0,65.0,-203.0,102051.0,-6.027000427246094,0,0
373.660019,0.8936065435409546,0.02414621040225029,0.03869686648249626,-0.4464516043663025,0.244140625,0.30517578125,-0.1220703125,-0.0394287109375,0.0606689453125,1.0064697265625,-180.0,65.0,-203.0,102051.0,-6.027000427246094,0,0
373.666994,0.8936065435409546,0.02414621040225029,0.03869686648249626,-0.4464516043663025,0.244140625,0.244140625,0.1220703125,-0.0391845703125,0.060791015625,1.0050048828125,-180.0,65.0,-203.0,102051.0,-6.027000427246094,0,0
373.673994,0.8936065435409546,0.02414621040225029,0.03869686648249626,-0.4464516043663025,0.244140625,0.1220703125,-0.06103515625,-0.0396728515625,0.0611572265625,1.0054931640625,-180.0,65.0,-203.0,102051.0,-6.027000427246094,0,0
373.681015,0.8936083316802979,0.02412070706486702,0.03873197361826897,-0.44648173451423645,0.06103515625,0.06103515625,0.30517578125,-0.038818359375,0.0592041015625,1.005859375,-180.0,65.0,-203.0,102051.0,-6.027000427246094,0,0
373.687998,0.8936083316802979,0.02412070706486702,0.03873197361826897,-0.44648173451423645,0.18310546875,0.18310546875,0.06103515625,-0.03857421875,0.0611572265625,1.0054931640625,-180.0,65.0,-203.0,102051.0,-6.027000427246094,0,0
373.695018,0.8936083316802979,0.02412070706486702,0.03873197361826897,-0.44648173451423645,0.18310546875,0.06103515625,0.0,-0.0361328125,0.061279296875,1.0018310546875,-180.0,65.0,-203.0,102051.0,-6.027000427246094,0,0
373.701996,0.8936092853546143,0.024116892367601395,0.038701727986335754,-0.44648277759552,0.18310546875,0.06103515625,0.0,-0.0361328125,0.061279296875,1.0018310546875,-180.0,65.0,-203.0,102051.0,-6.027000427246094,0,0
373.708996,0.8936092853546143,0.024116892367601395,0.038701727986335754,-0.44648277759552,0.0,0.06103515625,-0.1220703125,-0.0377197265625,0.0606689453125,1.0045166015625,-180.0,65.0,-203.0,102051.0,-6.027000427246094,0,0
373.715029,0.8936092853546143,0.024116892367601395,0.038701727986335754,-0.44648277759552,0.0,0.06103515625,-0.1220703125,-0.0377197265625,0.0606689453125,1.0045166015625,-180.0,65.0,-203.0,102051.0,-6.027000427246094,0,0
373.721997,0.8936092853546143,0.024116892367601395,0.038701727986335754,-0.44648277759552,0.06103515625,0.18310546875,-0.06103515625,-0.0389404296875,0.062255859375,1.00439453125,-180.0,65.0,-203.0,102051.0,-6.028000354766846,0,0
373.728996,0.8936092853546143,0.024116892367601395,0.038701727986335754,-0.44648277759552,0.06103515625,0.06103515625,0.0,-0.0391845703125,0.0621337890625,1.0048828125,-180.0,65.0,-202.0,102051.0,-6.028000354766846,0,0
373.736017,0.8936535716056824,0.02411489561200142,0.03872964531183243,-0.44635310769081116,0.30517578125,0.244140625,-0.244140625,-0.0406494140625,0.06201171875,1.0067138671875,-180.0,65.0,-202.0,102051.0,-6.028000354766846,0,0
373.743,0.8936546444892883,0.02414514124393463,0.0387258306145668,-0.44635218381881714,0.1220703125,0.30517578125,-0.18310546875,-0.0404052734375,0.06298828125,1.007080078125,-180.0,65.0,-202.0,102051.0,-6.028000354766846,0,0
373.750019,0.8936535716056824,0.02411489561200142,0.03872964531183243,-0.44635310769081116,0.18310546875,0.0,-0.06103515625,-0.0369873046875,0.06201171875,1.0040283203125,-180.0,65.0,-202.0,102051.0,-6.028000354766846,0,0
373.77102,0.8936535716056824,0.02411489561200142,0.03872964531183243,-0.44635310769081116,0.30517578125,0.0,0.06103515625,-0.04052734375,0.06396484375,1.0069580078125,-180.0,65.0,-202.0,102051.0,-6.028000354766846,0,0
373.777998,0.8936535716056824,0.02411489561200142,0.03872964531183243,-0.44635310769081116,0.0,0.3662109375,0.06103515625,-0.0411376953125,0.0611572265625,1.006103515625,-180.0,65.0,-202.0,102051.0,-6.028000354766846,0,0
373.785018,0.8936546444892883,0.02414514124393463,0.0387258306145668,-0.44635218381881714,0.244140625,0.06103515625,0.1220703125,-0.0400390625,0.0634765625,1.0020751953125,-180.0,65.0,-202.0,102051.0,-6.028000354766846,0,0
373.791996,0.8936546444892883,0.02414514124393463,0.0387258306145668,-0.44635218381881714,0.06103515625,0.18310546875,-0.06103515625,-0.039306640625,0.0628662109375,1.0042724609375,-180.0,65.0,-202.0,102051.0,-6.028000354766846,0,0
373.798996,0.8936535716056824,0.02411489561200142,0.03872964531183243,-0.44635310769081116,0.18310546875,0.0,-0.18310546875,-0.0360107421875,0.0592041015625,1.005615234375,-180.0,65.0,-202.0,102051.0,-6.028000354766846,0,0
373.806021,0.8936535716056824,0.02411489561200142,0.03872964531183243,-0.44635310769081116,0.1220703125,0.1220703125,-0.06103515625,-0.040283203125,0.0621337890625,1.0048828125,-180.0,65.0,-202.0,102051.0,-6.028000354766846,0,0
373.812053,0.8936535716056824,0.02411489561200142,0.03872964531183243,-0.44635310769081116,0.1220703125,0.1220703125,-0.06103515625,-0.040283203125,0.0621337890625,1.0048828125,-180.0,65.0,-202.0,102051.0,-6.028000354766846,0,0
373.818996,0.8936546444892883,0.02414514124393463,0.0387258306145668,-0.44635218381881714,-0.06103515625,0.244140625,0.0,-0.038818359375,0.0611572265625,1.0062255859375,-180.0,65.0,-202.0,102051.0,-6.028000354766846,0,0
373.826016,0.8936546444892883,0.02414514124393463,0.0387258306145668,-0.44635218381881714,0.18310546875,0.06103515625,-0.18310546875,-0.0394287109375,0.060546875,1.0059814453125,-180.0,66.0,-202.0,102051.0,-6.027000427246094,0,0
373.833001,0.8937791585922241,0.024133389815688133,0.03872314468026161,-0.4461213946342468,0.30517578125,0.18310546875,-0.06103515625,-0.0404052734375,0.0628662109375,1.0068359375,-180.0,66.0,-202.0,102051.0,-6.027000427246094,0,0
373.840019,0.8937791585922241,0.024133389815688133,0.03872314468026161,-0.4461213946342468,0.244140625,0.1220703125,-0.18310546875,-0.0380859375,0.060546875,1.0050048828125,-180.0,66.0,-202.0,102051.0,-6.027000427246094,0,0
373.861015,0.8937791585922241,0.024133389815688133,0.03872314468026161,-0.4461213946342468,0.244140625,-0.06103515625,-0.06103515625,-0.0380859375,0.0625,1.003173828125,-180.0,66.0,-202.0,102051.0,-6.027000427246094,0,0
373.867997,0.8937791585922241,0.024133389815688133,0.03872314468026161,-0.4461213946342468,0.30517578125,0.0,0.18310546875,-0.037109375,0.0643310546875,1.0025634765625,-180.0,66.0,-202.0,102051.0,-6.027000427246094,0,0
373.875018,0.8937791585922241,0.024133389815688133,0.03872314468026161,-0.4461213946342468,0.18310546875,0.1220703125,0.0,-0.0372314453125,0.061767578125,1.004638671875,-180.0,66.0,-202.0,102051.0,-6.027000427246094,0,0
373.881996,0.8937791585922241,0.024133389815688133,0.03872314468026161,-0.4461213946342468,-0.06103515625,0.06103515625,0.244140625,-0.0384521484375,0.062255859375,1.00634765625,-180.0,66.0,-202.0,102051.0,-6.027000427246094,0,0
373.888996,0.8937791585922241,0.024133389815688133,0.03872314468026161,-0.4461213946342468,0.48828125,-0.1220703125,0.1220703125,-0.0377197265625,0.0631103515625,1.003173828125,-180.0,66.0,-202.0,102051.0,-6.027000427246094,0,0
373.896021,0.8937791585922241,0.024133389815688133,0.03872314468026161,-0.4461213946342468,0.06103515625,0.06103515625,-0.06103515625,-0.0389404296875,0.06201171875,1.006103515625,-180.0,66.0,-202.0,102051.0,-6.027000427246094,0,0
373.902053,0.8937791585922241,0.024133389815688133,0.03872314468026161,-0.4461213946342468,0.06103515625,0.06103515625,-0.06103515625,-0.0389404296875,0.06201171875,1.006103515625,-180.0,66.0,-202.0,102051.0,-6.027000427246094,0,0
373.908996,0.8937791585922241,0.024133389815688133,0.03872314468026161,-0.4461213946342468,0.1220703125,0.18310546875,0.244140625,-0.038818359375,0.060302734375,1.002685546875,-180.0,66.0,-202.0,102051.0,-6.027000427246094,0,0
373.916016,0.8937791585922241,0.024133389815688133,0.03872314468026161,-0.4461213946342468,0.48828125,-0.06103515625,0.06103515625,-0.03955078125,0.0606689453125,1.0059814453125,-180.0,66.0,-202.0,102051.0,-6.027000427246094,0,0
373.923001,0.8937791585922241,0.024133389815688133,0.03872314468026161,-0.4461213946342468,0.1220703125,0.06103515625,0.06103515625,-0.0391845703125,0.0631103515625,1.004150390625,-180.0,66.0,-202.0,102051.0,-6.027000427246094,0,0
373.930019,0.8938282132148743,0.0241285040974617,0.03872186318039894,-0.44602301716804504,-0.1220703125,0.3662109375,-0.06103515625,-0.0379638671875,0.06201171875,1.003173828125,-181.0,66.0,-201.0,102050.0,-6.026000499725342,0,0
373.936994,0.8938282132148743,0.0241285040974617,0.03872186318039894,-0.44602301716804504,0.1220703125,0.1220703125,-0.30517578125,-0.039306640625,0.06298828125,1.00634765625,-181.0,66.0,-201.0,102050.0,-6.026000499725342,0,0
373.943994,0.8938282132148743,0.0241285040974617,0.03872186318039894,-0.44602301716804504,0.30517578125,0.06103515625,-0.06103515625,-0.03857421875,0.0604248046875,1.0057373046875,-181.0,66.0,-201.0,102050.0,-6.026000499725342,0,0
373.951015,0.8938271403312683,0.024098258465528488,0.038725677877664566,-0.44602394104003906,0.244140625,0.244140625,0.0,-0.0340576171875,0.0587158203125,1.001708984375,-181.0,66.0,-201.0,102050.0,-6.026000499725342,0,0
373.957997,0.8938271403312683,0.024098258465528488,0.038725677877664566,-0.44602394104003906,0.0,0.06103515625,0.0,-0.0377197265625,0.0614013671875,1.0072021484375,-181.0,66.0,-201.0,102050.0,-6.026000499725342,0,0
373.965018,0.8938271403312683,0.024098258465528488,0.038725677877664566,-0.44602394104003906,-0.06103515625,0.18310546875,-0.06103515625,-0.037353515625,0.062744140625,1.0050048828125,-181.0,66.0,-201.0,102050.0,-6.026000499725342,0,0
373.971996,0.8938280940055847,0.024094443768262863,0.038695432245731354,-0.44602498412132263,0.30517578125,0.0,-0.1220703125,-0.03759765625,0.0650634765625,1.00439453125,-181.0,66.0,-201.0,102050.0,-6.026000499725342,0,0
373.978996,0.8938271403312683,0.024098258465528488,0.038725677877664566,-0.44602394104003906,0.18310546875,0.30517578125,0.06103515625,-0.0396728515625,0.0594482421875,1.0069580078125,-181.0,66.0,-201.0,102050.0,-6.026000499725342,0,0
373.986022,0.8938271403312683,0.024098258465528488,0.038725677877664566,-0.44602394104003906,0.30517578125,0.0,-0.18310546875,-0.038818359375,0.062255859375,1.0032958984375,-181.0,66.0,-201.0,102050.0,-6.026000499725342,0,0
373.993001,0.8938271403312683,0.024098258465528488,0.038725677877664566,-0.44602394104003906,0.06103515625,0.3662109375,-0.244140625,-0.037841796875,0.0618896484375,1.00390625,-181.0,66.0,-201.0,102050.0,-6.026000499725342,0,0
373.999033,0.8938271403312683,0.024098258465528488,0.038725677877664566,-0.44602394104003906,0.06103515625,0.3662109375,-0.244140625,-0.037841796875,0.0618896484375,1.00390625,-181.0,66.0,-201.0,102050.0,-6.026000499725342,0,0
374.006017,0.8938291668891907,0.024124689400196075,0.03869161754846573,-0.4460240602493286,0.0,0.18310546875,-0.18310546875,-0.03955078125,0.0643310546875,1.001220703125,-181.0,66.0,-201.0,102050.0,-6.026000499725342,0,0
374.013,0.8938291668891907,0.024124689400196075,0.03869161754846573,-0.4460240602493286,0.30517578125,0.1220703125,0.1220703125,-0.0382080078125,0.0604248046875,1.002685546875,-181.0,66.0,-201.0,102050.0,-6.026000499725342,0,0
374.033999,0.8938772082328796,0.024123618379235268,0.03872058168053627,-0.44592466950416565,0.1220703125,0.06103515625,0.1220703125,-0.0361328125,0.0599365234375,1.004638671875,-181.0,66.0,-201.0,102050.0,-6.026000499725342,0,0
374.04102,0.8938772082328796,0.024123618379235268,0.03872058168053627,-0.44592466950416565,0.244140625,0.0,0.06103515625,-0.0379638671875,0.06298828125,1.004638671875,-181.0,66.0,-201.0,102050.0,-6.026000499725342,0,0
374.047998,0.8938772082328796,0.024123618379235268,0.03872058168053627,-0.44592466950416565,0.48828125,0.30517578125,-0.1220703125,-0.03955078125,0.0611572265625,1.0042724609375,-181.0,66.0,-201.0,102050.0,-6.026000499725342,0,0
374.055018,0.8938772082328796,0.024123618379235268,0.03872058168053627,-0.44592466950416565,0.06103515625,0.0,0.30517578125,-0.0394287109375,0.063232421875,1.0028076171875,-181.0,66.0,-201.0,102050.0,-6.026000499725342,0,0
374.061996,0.8938772082328796,0.024123618379235268,0.03872058168053627,-0.44592466950416565,0.244140625,0.18310546875,-0.18310546875,-0.03759765625,0.0616455078125,1.0029296875,-181.0,66.0,-201.0,102050.0,-6.026000499725342,0,0
374.068996,0.8938772082328796,0.024123618379235268,0.03872058168053627,-0.44592466950416565,0.42724609375,0.30517578125,0.0,-0.0389404296875,0.0626220703125,1.005126953125,-181.0,66.0,-201.0,102050.0,-6.026000499725342,0,0
374.076022,0.8938772082328796,0.024123618379235268,0.03872058168053627,-0.44592466950416565,0.06103515625,0.18310546875,-0.244140625,-0.0404052734375,0.062255859375,1.003173828125,-181.0,66.0,-201.0,102050.0,-6.026000499725342,0,0
374.083001,0.8938772082328796,0.024123618379235268,0.03872058168053627,-0.44592466950416565,0.1220703125,0.0,0.06103515625,-0.036376953125,0.060302734375,1.00341796875,-181.0,66.0,-201.0,102050.0,-6.026000499725342,0,0
374.089037,0.8938772082328796,0.024123618379235268,0.03872058168053627,-0.44592466950416565,0.1220703125,0.0,0.06103515625,-0.036376953125,0.060302734375,1.00341796875,-181.0,66.0,-201.0,102050.0,-6.026000499725342,0,0
374.096017,0.8938772082328796,0.024123618379235268,0.03872058168053627,-0.44592466950416565,0.18310546875,0.244140625,0.0,-0.0389404296875,0.06103515625,1.005859375,-181.0,66.0,-201.0,102050.0,-6.026000499725342,0,0
374.103,0.8938772082328796,0.024123618379235268,0.03872058168053627,-0.44592466950416565,-0.06103515625,-0.06103515625,0.06103515625,-0.037841796875,0.0621337890625,1.003662109375,-181.0,66.0,-201.0,102050.0,-6.026000499725342,0,0
374.123994,0.8938772082328796,0.024123618379235268,0.03872058168053627,-0.44592466950416565,0.06103515625,0.244140625,0.0,-0.0361328125,0.0618896484375,1.0018310546875,-181.0,66.0,-201.0,102050.0,-6.026000499725342,0,0
374.131015,0.8938772082328796,0.024123618379235268,0.03872058168053627,-0.44592466950416565,0.0,0.18310546875,-0.06103515625,-0.03955078125,0.062744140625,1.0052490234375,-182.0,65.0,-202.0,102050.0,-6.026000499725342,0,0
374.137998,0.8938772082328796,0.024123618379235268,0.03872058168053627,-0.44592466950416565,0.0,0.244140625,-0.30517578125,-0.0400390625,0.0601806640625,1.0050048828125,-182.0,65.0,-202.0,102050.0,-6.026000499725342,0,0
374.145018,0.8938762545585632,0.02412743680179119,0.03875082731246948,-0.4459236264228821,0.1220703125,0.0,-0.1220703125,-0.0389404296875,0.0611572265625,1.00390625,-182.0,65.0,-202.0,102050.0,-6.026000499725342,0,0
374.151996,0.8938772082328796,0.024123618379235268,0.03872058168053627,-0.44592466950416565,0.30517578125,0.18310546875,-0.1220703125,-0.037109375,0.062255859375,1.004150390625,-182.0,65.0,-202.0,102050.0,-6.026000499725342,0,0
374.158996,0.8938772082328796,0.024123618379235268,0.03872058168053627,-0.44592466950416565,0.18310546875,0.0,0.0,-0.03955078125,0.0616455078125,1.00439453125,-182.0,65.0,-202.0,102050.0,-6.026000499725342,0,0
374.166021,0.8938772082328796,0.024123618379235268,0.03872058168053627,-0.44592466950416565,0.06103515625,0.18310546875,0.06103515625,-0.03759765625,0.062744140625,1.0037841796875,-182.0,65.0,-202.0,102050.0,-6.026000499725342,0,0
374.173001,0.8938772082328796,0.024123618379235268,0.03872058168053627,-0.44592466950416565,0.3662109375,-0.18310546875,0.244140625,-0.0367431640625,0.0601806640625,1.005859375,-182.0,65.0,-202.0,102050.0,-6.026000499725342,0,0
374.179033,0.8938772082328796,0.024123618379235268,0.03872058168053627,-0.44592466950416565,0.3662109375,-0.18310546875,0.244140625,-0.0367431640625,0.0601806640625,1.005859375,-182.0,65.0,-202.0,102050.0,-6.026000499725342,0,0
374.186016,0.8938772082328796,0.024123618379235268,0.03872058168053627,-0.44592466950416565,0.1220703125,0.18310546875,0.06103515625,-0.03857421875,0.0599365234375,1.003173828125,-182.0,65.0,-202.0,102050.0,-6.026000499725342,0,0
374.193,0.8938772082328796,0.024123618379235268,0.03872058168053627,-0.44592466950416565,0.30517578125,0.06103515625,0.0,-0.0406494140625,0.060302734375,1.0054931640625,-182.0,65.0,-202.0,102050.0,-6.026000499725342,0,0
374.200019,0.8938772082328796,0.024123618379235268,0.03872058168053627,-0.44592466950416565,-0.06103515625,0.1220703125,0.0,-0.038818359375,0.0599365234375,1.0020751953125,-182.0,65.0,-202.0,102050.0,-6.026000499725342,0,0
374.206994,0.8938772082328796,0.024123618379235268,0.03872058168053627,-0.44592466950416565,0.3662109375,0.06103515625,0.06103515625,-0.0374755859375,0.0626220703125,1.0045166015625,-182.0,65.0,-202.0,102050.0,-6.026000499725342,0,0
374.213994,0.8938772082328796,0.024123618379235268,0.03872058168053627,-0.44592466950416565,-0.06103515625,0.1220703125,0.06103515625,-0.039794921875,0.0635986328125,1.0054931640625,-182.0,65.0,-202.0,102050.0,-6.026000499725342,0,0
374.221015,0.8938772082328796,0.024123618379235268,0.03872058168053627,-0.44592466950416565,0.06103515625,0.18310546875,0.0,-0.037353515625,0.0628662109375,1.003662109375,-182.0,65.0,-202.0,102051.0,-6.028000354766846,0,0
374.227998,0.8938772082328796,0.024123618379235268,0.03872058168053627,-0.44592466950416565,0.244140625,0.0,-0.244140625,-0.0389404296875,0.059814453125,1.00439453125,-182.0,65.0,-204.0,102051.0,-6.028000354766846,0,0
374.235018,0.8938772082328796,0.024123618379235268,0.03872058168053627,-0.44592466950416565,0.18310546875,0.06103515625,0.06103515625,-0.0377197265625,0.0616455078125,1.0042724609375,-182.0,65.0,-204.0,102051.0,-6.028000354766846,0,0
374.241996,0.8938772082328796,0.024123618379235268,0.03872058168053627,-0.44592466950416565,-0.06103515625,-0.30517578125,0.30517578125,-0.0364990234375,0.0635986328125,1.0035400390625,-182.0,65.0,-204.0,102051.0,-6.028000354766846,0,0
374.248996,0.8938772082328796,0.024123618379235268,0.03872058168053627,-0.44592466950416565,0.1220703125,0.0,0.06103515625,-0.0389404296875,0.0623779296875,1.00439453125,-182.0,65.0,-204.0,102051.0,-6.028000354766846,0,0
374.256021,0.8938772082328796,0.024123618379235268,0.03872058168053627,-0.44592466950416565,0.0,0.06103515625,-0.1220703125,-0.04052734375,0.0634765625,1.006103515625,-182.0,65.0,-204.0,102051.0,-6.028000354766846,0,0
374.263001,0.8938772082328796,0.024123618379235268,0.03872058168053627,-0.44592466950416565,0.18310546875,0.244140625,-0.06103515625,-0.0380859375,0.05859375,1.00439453125,-182.0,65.0,-204.0,102051.0,-6.028000354766846,0,0
374.270015,0.8938772082328796,0.024123618379235268,0.03872058168053627,-0.44592466950416565,0.18310546875,-0.1220703125,0.18310546875,-0.0401611328125,0.0634765625,1.0050048828125,-182.0,65.0,-204.0,102051.0,-6.028000354766846,0,0
374.276047,0.8938772082328796,0.024123618379235268,0.03872058168053627,-0.44592466950416565,0.18310546875,-0.1220703125,0.18310546875,-0.0401611328125,0.0634765625,1.0050048828125,-182.0,65.0,-204.0,102051.0,-6.028000354766846,0,0
374.296995,0.8938782215118408,0.02415386401116848,0.03871676325798035,-0.44592371582984924,0.06103515625,0.18310546875,0.1220703125,-0.03857421875,0.06201171875,1.0023193359375,-182.0,65.0,-204.0,102051.0,-6.028000354766846,0,0
374.303999,0.8938772082328796,0.024123618379235268,0.03872058168053627,-0.44592466950416565,0.244140625,0.1220703125,0.0,-0.038330078125,0.06005859375,1.005126953125,-182.0,65.0,-204.0,102051.0,-6.028000354766846,0,0
374.31102,0.8938782215118408,0.02415386401116848,0.03871676325798035,-0.44592371582984924,0.1220703125,-0.18310546875,0.18310546875,-0.03662109375,0.0628662109375,1.0035400390625,-182.0,65.0,-204.0,102051.0,-6.028000354766846,0,0
374.317998,0.8938772082328796,0.024123618379235268,0.03872058168053627,-0.44592466950416565,0.1220703125,0.0,0.0,-0.03662109375,0.0621337890625,1.0040283203125,-182.0,65.0,-204.0,102051.0,-6.028000354766846,0,0
374.325018,0.8938782215118408,0.02415386401116848,0.03871676325798035,-0.44592371582984924,0.1220703125,0.1220703125,0.0,-0.0382080078125,0.0615234375,1.00439453125,-182.0,65.0,-204.0,102051.0,-6.028000354766846,0,0
374.331996,0.8938782215118408,0.02415386401116848,0.03871676325798035,-0.44592371582984924,0.244140625,-0.06103515625,0.1220703125,-0.0379638671875,0.0634765625,1.0025634765625,-182.0,64.0,-204.0,102051.0,-6.028000354766846,0,0
374.338996,0.8938782215118408,0.02415386401116848,0.03871676325798035,-0.44592371582984924,0.06103515625,0.06103515625,-0.06103515625,-0.0382080078125,0.060302734375,1.00439453125,-182.0,64.0,-204.0,102051.0,-6.028000354766846,0,0
374.346021,0.8938772082328796,0.024123618379235268,0.03872058168053627,-0.44592466950416565,0.1220703125,-0.06103515625,-0.1220703125,-0.0386962890625,0.059814453125,1.0074462890625,-182.0,64.0,-204.0,102051.0,-6.028000354766846,0,0
374.353001,0.8938772082328796,0.024123618379235268,0.03872058168053627,-0.44592466950416565,0.30517578125,0.18310546875,0.0,-0.03857421875,0.0621337890625,1.0025634765625,-182.0,64.0,-204.0,102051.0,-6.028000354766846,0,0
374.360015,0.8938772082328796,0.024123618379235268,0.03872058168053627,-0.44592466950416565,0.30517578125,0.18310546875,0.0,-0.0390625,0.0592041015625,1.0050048828125,-182.0,64.0,-204.0,102051.0,-6.028000354766846,0,0
374.366047,0.8938772082328796,0.024123618379235268,0.03872058168053627,-0.44592466950416565,0.30517578125,0.18310546875,0.0,-0.0390625,0.0592041015625,1.0050048828125,-182.0,64.0,-204.0,102051.0,-6.028000354766846,0,0
374.40102,0.8938772082328796,0.024123618379235268,0.03872058168053627,-0.44592466950416565,0.18310546875,0.1220703125,0.18310546875,-0.0369873046875,0.060791015625,1.0042724609375,-182.0,64.0,-204.0,102051.0,-6.028000354766846,0,0
374.407997,0.8938772082328796,0.024123618379235268,0.03872058168053627,-0.44592466950416565,0.1220703125,-0.06103515625,0.30517578125,-0.0394287109375,0.06201171875,1.0050048828125,-182.0,64.0,-204.0,102051.0,-6.028000354766846,0,0
374.415018,0.8938772082328796,0.024123618379235268,0.03872058168053627,-0.44592466950416565,0.06103515625,0.0,-0.3662109375,-0.039794921875,0.06103515625,1.0057373046875,-182.0,64.0,-204.0,102051.0,-6.028000354766846,0,0
374.421996,0.8938762545585632,0.02412743680179119,0.03875082731246948,-0.4459236264228821,0.244140625,0.1220703125,0.1220703125,-0.039306640625,0.0601806640625,1.005859375,-182.0,64.0,-204.0,102051.0,-6.027000427246094,0,0
374.428996,0.8938762545585632,0.02412743680179119,0.03875082731246948,-0.4459236264228821,0.3662109375,-0.18310546875,0.0,-0.039794921875,0.0614013671875,1.0048828125,-182.0,64.0,-204.0,102051.0,-6.027000427246094,0,0
374.436022,0.8938762545585632,0.02412743680179119,0.03875082731246948,-0.4459236264228821,0.06103515625,0.18310546875,-0.244140625,-0.0390625,0.0628662109375,1.00439453125,-182.0,64.0,-204.0,102051.0,-6.027000427246094,0,0
374.443001,0.8938762545585632,0.02412743680179119,0.03875082731246948,-0.4459236264228821,0.18310546875,0.0,-0.1220703125,-0.0411376953125,0.0611572265625,1.003173828125,-182.0,64.0,-204.0,102051.0,-6.027000427246094,0,0
374.450015,0.8938762545585632,0.02412743680179119,0.03875082731246948,-0.4459236264228821,0.1220703125,0.06103515625,-0.06103515625,-0.037353515625,0.0595703125,1.0037841796875,-182.0,64.0,-204.0,102051.0,-6.027000427246094,0,0
374.456994,0.8938762545585632,0.02412743680179119,0.03875082731246948,-0.4459236264228821,0.3662109375,0.244140625,-0.18310546875,-0.0386962890625,0.0626220703125,1.00537109375,-182.0,64.0,-204.0,102051.0,-6.027000427246094,0,0
374.463026,0.8938762545585632,0.02412743680179119,0.03875082731246948,-0.4459236264228821,0.3662109375,0.244140625,-0.18310546875,-0.0386962890625,0.0626220703125,1.00537109375,-182.0,64.0,-204.0,102051.0,-6.027000427246094,0,0
374.470019,0.8938762545585632,0.02412743680179119,0.03875082731246948,-0.4459236264228821,0.1220703125,0.18310546875,0.0,-0.0382080078125,0.06201171875,1.003173828125,-182.0,64.0,-204.0,102051.0,-6.027000427246094,0,0
374.476994,0.8938772678375244,0.024157682433724403,0.03874700888991356,-0.4459226727485657,0.244140625,0.0,0.0,-0.037109375,0.064453125,1.0035400390625,-182.0,64.0,-204.0,102051.0,-6.027000427246094,0,0
374.483994,0.8938772678375244,0.024157682433724403,0.03874700888991356,-0.4459226727485657,0.18310546875,0.1220703125,0.0,-0.0384521484375,0.062744140625,1.003662109375,-182.0,64.0,-204.0,102051.0,-6.027000427246094,0,0
374.491015,0.8938772678375244,0.024157682433724403,0.03874700888991356,-0.4459226727485657,0.244140625,0.0,-0.30517578125,-0.0384521484375,0.0615234375,1.0050048828125,-182.0,64.0,-204.0,102051.0,-6.027000427246094,0,0
374.497998,0.8938772678375244,0.024157682433724403,0.03874700888991356,-0.4459226727485657,0.3662109375,-0.1220703125,-0.1220703125,-0.0386962890625,0.061767578125,1.0029296875,-182.0,64.0,-204.0,102051.0,-6.027000427246094,0,0
374.505018,0.8938763737678528,0.02416149713099003,0.03877725452184677,-0.4459216296672821,0.3662109375,-0.06103515625,-0.06103515625,-0.0413818359375,0.0615234375,1.004150390625,-182.0,64.0,-204.0,102051.0,-6.027000427246094,0,0
374.511996,0.8938772678375244,0.024157682433724403,0.03874700888991356,-0.4459226727485657,0.18310546875,0.18310546875,0.0,-0.040283203125,0.0609130859375,1.0035400390625,-182.0,64.0,-204.0,102051.0,-6.027000427246094,0,0
374.518996,0.8938763737678528,0.02416149713099003,0.03877725452184677,-0.4459216296672821,0.0,0.18310546875,-0.06103515625,-0.0372314453125,0.0606689453125,1.0023193359375,-182.0,64.0,-204.0,102051.0,-6.027000427246094,0,0
374.526021,0.8938772678375244,0.024157682433724403,0.03874700888991356,-0.4459226727485657,0.30517578125,0.06103515625,-0.18310546875,-0.0374755859375,0.061767578125,1.0057373046875,-183.0,65.0,-202.0,102051.0,-6.027000427246094,0,0
374.533001,0.893828272819519,0.024162568151950836,0.03874829411506653,-0.44602102041244507,0.244140625,0.48828125,-0.1220703125,-0.0372314453125,0.0599365234375,1.005615234375,-183.0,65.0,-202.0,102051.0,-6.027000427246094,0,0
374.540015,0.893828272819519,0.024162568151950836,0.03874829411506653,-0.44602102041244507,0.0,-0.06103515625,-0.244140625,-0.037353515625,0.0635986328125,1.0029296875,-183.0,65.0,-202.0,102051.0,-6.027000427246094,0,0
