Time stamp(sec),adc1,adc2,roll_angular_rate,pitch_angular_rate,yaw_angular_rate,acc_X,acc_Y,acc_Z,mag_X,mag_Y,mag_Z,pressure,altitude
0.042852400001720525,0.370361328125,-0.45111083984375,0.311981201171875,-0.7496337890625,-0.1220703125,0.0,-0.06103515625,0.443115234375,-0.7994384765625,0.4012451171875,-297.0,153.0,-151.0,101699.0,-3.114000082015991,0,0
0.04291209999064449,0.370361328125,-0.45111083984375,0.311981201171875,-0.7496337890625,-0.18310546875,-0.30517578125,-0.18310546875,0.444580078125,-0.8023681640625,0.39794921875,-297.0,153.0,-151.0,101699.0,-3.114000082015991,0,0
0.04296679999970365,0.370361328125,-0.45111083984375,0.311981201171875,-0.7496337890625,0.1220703125,-0.06103515625,-0.1220703125,0.4466552734375,-0.8021240234375,0.3980712890625,-297.0,153.0,-151.0,101699.0,-3.114000082015991,0,0
0.0430214999942109,0.370361328125,-0.45111083984375,0.311981201171875,-0.7496337890625,-0.1220703125,-0.06103515625,-0.18310546875,0.447998046875,-0.80078125,0.396728515625,-297.0,153.0,-151.0,101699.0,-3.114000082015991,0,0
0.04307600000174716,0.370361328125,-0.45111083984375,0.311981201171875,-0.7496337890625,-0.30517578125,-0.1220703125,0.0,0.443603515625,-0.8040771484375,0.396240234375,-297.0,153.0,-151.0,101699.0,-3.114000082015991,0,0
0.043561400001635775,0.370361328125,-0.45111083984375,0.311981201171875,-0.7496337890625,0.18310546875,0.06103515625,-0.1220703125,0.4459228515625,-0.8040771484375,0.3980712890625,-297.0,153.0,-151.0,101699.0,-3.114000082015991,0,0
0.04362189999665134,0.370361328125,-0.45111083984375,0.311981201171875,-0.7496337890625,0.18310546875,0.06103515625,-0.1220703125,0.4459228515625,-0.8040771484375,0.3980712890625,-298.0,152.0,-152.0,101700.0,-3.120000123977661,0,0
0.043676399989635684,0.370361328125,-0.45111083984375,0.31201171875,-0.7496337890625,-0.06103515625,-0.18310546875,-0.18310546875,0.4415283203125,-0.803955078125,0.396240234375,-298.0,152.0,-152.0,101700.0,-3.120000123977661,0,0
0.043728599994210526,0.370452880859375,-0.451141357421875,0.31195068359375,-0.74957275390625,0.54931640625,-0.244140625,-0.06103515625,0.4443359375,-0.802001953125,0.398193359375,-298.0,152.0,-152.0,101700.0,-3.120000123977661,0,0
0.04378069999802392,0.370452880859375,-0.451141357421875,0.31195068359375,-0.74957275390625,0.54931640625,-0.244140625,-0.06103515625,0.4443359375,-0.802001953125,0.398193359375,-298.0,152.0,-152.0,101700.0,-3.120000123977661,0,0
0.04383669998787809,0.370452880859375,-0.451141357421875,0.31195068359375,-0.74957275390625,-0.1220703125,-0.1220703125,-0.30517578125,0.4461669921875,-0.8016357421875,0.3992919921875,-298.0,152.0,-152.0,101700.0,-3.120000123977661,0,0
0.10582849998900201,0.370452880859375,-0.451141357421875,0.31195068359375,-0.74957275390625,0.244140625,-0.06103515625,0.30517578125,0.4464111328125,-0.8026123046875,0.399169921875,-298.0,152.0,-152.0,101700.0,-3.120000123977661,0,0
0.10589059999620076,0.370452880859375,-0.451141357421875,0.31195068359375,-0.74957275390625,0.1220703125,0.1220703125,0.30517578125,0.44580078125,-0.8048095703125,0.3984375,-298.0,152.0,-152.0,101700.0,-3.120000123977661,0,0
0.1059456999937538,0.370452880859375,-0.451141357421875,0.31195068359375,-0.74957275390625,-0.18310546875,0.1220703125,-0.18310546875,0.443115234375,-0.8021240234375,0.4000244140625,-298.0,152.0,-152.0,101700.0,-3.120000123977661,0,0
0.10600020000129007,0.370452880859375,-0.451141357421875,0.31195068359375,-0.74957275390625,-0.06103515625,-0.18310546875,0.0,0.4427490234375,-0.8006591796875,0.398681640625,-298.0,152.0,-152.0,101700.0,-3.120000123977661,0,0
0.10605419999046717,0.370452880859375,-0.451141357421875,0.31195068359375,-0.74957275390625,-0.244140625,-0.30517578125,0.06103515625,0.445556640625,-0.801513671875,0.3995361328125,-298.0,152.0,-152.0,101700.0,-3.120000123977661,0,0
0.10695169999962673,0.370452880859375,-0.451141357421875,0.31195068359375,-0.74957275390625,0.18310546875,0.244140625,-0.1220703125,0.4456787109375,-0.8001708984375,0.3966064453125,-298.0,152.0,-152.0,101700.0,-3.120000123977661,0,0
0.10700759998871945,0.370452880859375,-0.451141357421875,0.31195068359375,-0.74957275390625,0.18310546875,0.244140625,-0.1220703125,0.4456787109375,-0.8001708984375,0.3966064453125,-298.0,152.0,-152.0,101700.0,-3.120000123977661,0,0
0.10706299998855684,0.370452880859375,-0.451141357421875,0.31195068359375,-0.74957275390625,-0.1220703125,-0.18310546875,0.0,0.442626953125,-0.8018798828125,0.3988037109375,-298.0,152.0,-152.0,101700.0,-3.120000123977661,0,0
0.10711599999922328,0.370452880859375,-0.451141357421875,0.31195068359375,-0.74957275390625,0.06103515625,-0.06103515625,-0.18310546875,0.445556640625,-0.7998046875,0.396728515625,-298.0,152.0,-152.0,101700.0,-3.120000123977661,0,0
0.1071687999938149,0.370452880859375,-0.451141357421875,0.31195068359375,-0.74957275390625,0.06103515625,0.0,-0.06103515625,0.4453125,-0.8004150390625,0.3990478515625,-298.0,152.0,-152.0,101700.0,-3.120000123977661,0,0
0.10722239999449812,0.370452880859375,-0.451141357421875,0.31195068359375,-0.74957275390625,0.06103515625,-0.1220703125,0.18310546875,0.4456787109375,-0.8009033203125,0.3974609375,-298.0,152.0,-152.0,101700.0,-3.120000123977661,0,0
0.1702694999985397,0.370452880859375,-0.451141357421875,0.31195068359375,-0.74957275390625,0.0,0.0,0.0,0.4462890625,-0.8040771484375,0.399169921875,-298.0,152.0,-152.0,101700.0,-3.120000123977661,0,0
0.17033549999177922,0.370452880859375,-0.451141357421875,0.31195068359375,-0.74957275390625,0.1220703125,0.0,0.244140625,0.443603515625,-0.8023681640625,0.398193359375,-298.0,152.0,-152.0,101700.0,-3.120000123977661,0,0
0.170395399996778,0.370452880859375,-0.451141357421875,0.31195068359375,-0.74957275390625,-0.244140625,-0.3662109375,-0.06103515625,0.4432373046875,-0.8011474609375,0.396728515625,-298.0,152.0,-152.0,101699.0,-3.117000102996826,0,0
0.17045159998815507,0.37054443359375,-0.451171875,0.3118896484375,-0.74951171875,0.1220703125,-0.1220703125,-0.1220703125,0.4462890625,-0.8009033203125,0.3961181640625,-298.0,152.0,-152.0,101699.0,-3.117000102996826,0,0
0.17050779999408405,0.37054443359375,-0.451171875,0.3118896484375,-0.74951171875,0.1220703125,-0.1220703125,-0.1220703125,0.4462890625,-0.8009033203125,0.3961181640625,-298.0,152.0,-152.0,101699.0,-3.117000102996826,0,0
0.1705628999916371,0.370574951171875,-0.451171875,0.3118896484375,-0.749542236328125,0.18310546875,-0.1220703125,-0.06103515625,0.4443359375,-0.801513671875,0.3997802734375,-298.0,152.0,-152.0,101699.0,-3.117000102996826,0,0
0.1706178999884287,0.370574951171875,-0.451171875,0.3118896484375,-0.74951171875,0.06103515625,0.0,-0.1220703125,0.4443359375,-0.8001708984375,0.3961181640625,-298.0,152.0,-152.0,101699.0,-3.117000102996826,0,0
0.17736999999033287,0.37054443359375,-0.451171875,0.3118896484375,-0.74951171875,-0.18310546875,-0.244140625,0.1220703125,0.44482421875,-0.7999267578125,0.398193359375,-298.0,152.0,-152.0,101699.0,-3.117000102996826,0,0
0.17743070000142325,0.370574951171875,-0.451171875,0.3118896484375,-0.749542236328125,0.30517578125,0.1220703125,0.06103515625,0.4454345703125,-0.8023681640625,0.400390625,-298.0,152.0,-152.0,101699.0,-3.117000102996826,0,0
0.17748669999127742,0.370574951171875,-0.451171875,0.3118896484375,-0.749542236328125,-0.1220703125,-0.18310546875,0.06103515625,0.4459228515625,-0.8009033203125,0.39892578125,-298.0,152.0,-152.0,101699.0,-3.117000102996826,0,0
0.17753970000194386,0.370574951171875,-0.451171875,0.311859130859375,-0.749542236328125,0.0,0.06103515625,0.06103515625,0.4434814453125,-0.8011474609375,0.3983154296875,-298.0,152.0,-152.0,101699.0,-3.117000102996826,0,0
0.17759529998875223,0.370574951171875,-0.451171875,0.311859130859375,-0.749542236328125,0.244140625,0.06103515625,0.06103515625,0.445556640625,-0.8011474609375,0.39892578125,-298.0,152.0,-152.0,101699.0,-3.117000102996826,0,0
0.17764799999713432,0.37054443359375,-0.451171875,0.311859130859375,-0.749542236328125,-0.244140625,0.0,-0.244140625,0.445556640625,-0.8018798828125,0.3961181640625,-298.0,152.0,-152.0,101699.0,-3.117000102996826,0,0
0.23305099998833612,0.37054443359375,-0.451171875,0.3118896484375,-0.749542236328125,0.0,0.0,-0.30517578125,0.442626953125,-0.8004150390625,0.3961181640625,-298.0,152.0,-152.0,101699.0,-3.117000102996826,0,0
0.23313219999545254,0.37054443359375,-0.451202392578125,0.311859130859375,-0.749542236328125,-0.1220703125,-0.244140625,-0.1220703125,0.4454345703125,-0.8013916015625,0.3951416015625,-298.0,152.0,-152.0,101699.0,-3.117000102996826,0,0
0.2331934999965597,0.37054443359375,-0.451202392578125,0.311859130859375,-0.749542236328125,0.0,-0.1220703125,-0.06103515625,0.4478759765625,-0.8006591796875,0.39794921875,-298.0,152.0,-152.0,101699.0,-3.117000102996826,0,0
0.23325130000011995,0.37054443359375,-0.451202392578125,0.311859130859375,-0.749542236328125,0.0,-0.06103515625,0.0,0.444580078125,-0.801513671875,0.3983154296875,-298.0,152.0,-152.0,101699.0,-3.117000102996826,0,0
0.2333053999900585,0.37054443359375,-0.451202392578125,0.311859130859375,-0.749542236328125,0.1220703125,-0.06103515625,-0.1220703125,0.446044921875,-0.80029296875,0.3984375,-298.0,152.0,-152.0,101699.0,-3.117000102996826,0,0
0.23337279999395832,0.37054443359375,-0.451202392578125,0.311859130859375,-0.749542236328125,0.0,-0.18310546875,-0.06103515625,0.4482421875,-0.8001708984375,0.3975830078125,-298.0,152.0,-152.0,101699.0,-3.117000102996826,0,0
0.23342789999151137,0.37054443359375,-0.451202392578125,0.311859130859375,-0.749542236328125,0.06103515625,0.06103515625,0.06103515625,0.44580078125,-0.8040771484375,0.3988037109375,-298.0,152.0,-152.0,101699.0,-3.117000102996826,0,0
0.23348159999295603,0.37054443359375,-0.451202392578125,0.311859130859375,-0.749542236328125,-0.06103515625,-0.06103515625,-0.06103515625,0.4449462890625,-0.8043212890625,0.400390625,-298.0,152.0,-152.0,101699.0,-3.117000102996826,0,0
0.233534699989832,0.37054443359375,-0.451202392578125,0.311859130859375,-0.749542236328125,-0.06103515625,-0.06103515625,-0.06103515625,0.4449462890625,-0.8043212890625,0.400390625,-298.0,152.0,-152.0,101699.0,-3.117000102996826,0,0
0.23358829999051522,0.370635986328125,-0.45123291015625,0.311798095703125,-0.749481201171875,0.18310546875,-0.244140625,-0.1220703125,0.4456787109375,-0.8023681640625,0.39697265625,-297.0,152.0,-151.0,101700.0,-3.118000030517578,0,0
0.23364130000118166,0.370635986328125,-0.45123291015625,0.31182861328125,-0.749481201171875,-0.1220703125,-0.244140625,0.0,0.446044921875,-0.8026123046875,0.395751953125,-297.0,152.0,-151.0,101700.0,-3.118000030517578,0,0
0.2930399999895599,0.370635986328125,-0.451263427734375,0.311798095703125,-0.749481201171875,-0.06103515625,-0.1220703125,-0.244140625,0.4464111328125,-0.800537109375,0.3984375,-297.0,152.0,-151.0,101700.0,-3.118000030517578,0,0
0.29310089998762123,0.370635986328125,-0.451263427734375,0.311798095703125,-0.749481201171875,0.244140625,0.06103515625,-0.1220703125,0.4459228515625,-0.802001953125,0.398681640625,-297.0,152.0,-151.0,101700.0,-3.118000030517578,0,0
0.2931581000011647,0.370635986328125,-0.451263427734375,0.311798095703125,-0.749481201171875,-0.18310546875,-0.30517578125,0.1220703125,0.444580078125,-0.8011474609375,0.3980712890625,-297.0,152.0,-151.0,101700.0,-3.118000030517578,0,0
0.29321150000032503,0.370635986328125,-0.451263427734375,0.311798095703125,-0.749481201171875,0.06103515625,0.0,0.06103515625,0.4461669921875,-0.802734375,0.396484375,-297.0,152.0,-151.0,101700.0,-3.118000030517578,0,0
0.2932652000017697,0.370635986328125,-0.451263427734375,0.311798095703125,-0.749481201171875,-0.06103515625,-0.06103515625,0.0,0.445068359375,-0.801025390625,0.3975830078125,-297.0,152.0,-151.0,101700.0,-3.118000030517578,0,0
0.29409799999848474,0.370635986328125,-0.451263427734375,0.311798095703125,-0.749481201171875,-0.06103515625,-0.06103515625,0.0,0.445068359375,-0.801025390625,0.3975830078125,-297.0,152.0,-151.0,101700.0,-3.118000030517578,0,0
0.2941534999990836,0.370635986328125,-0.451263427734375,0.311798095703125,-0.749481201171875,0.1220703125,-0.244140625,0.06103515625,0.4453125,-0.802001953125,0.399169921875,-297.0,152.0,-151.0,101700.0,-3.118000030517578,0,0
0.29420599999139085,0.370635986328125,-0.451263427734375,0.311798095703125,-0.749481201171875,-0.18310546875,-0.1220703125,-0.06103515625,0.446044921875,-0.8011474609375,0.3975830078125,-297.0,152.0,-151.0,101700.0,-3.118000030517578,0,0
0.29425809999520425,0.370635986328125,-0.451263427734375,0.311798095703125,-0.749481201171875,0.18310546875,0.18310546875,-0.1220703125,0.447021484375,-0.802734375,0.396240234375,-297.0,152.0,-151.0,101700.0,-3.118000030517578,0,0
0.2943119999981718,0.370635986328125,-0.4512939453125,0.311798095703125,-0.749481201171875,0.18310546875,0.06103515625,0.30517578125,0.447021484375,-0.8013916015625,0.3975830078125,-297.0,152.0,-151.0,101700.0,-3.118000030517578,0,0
0.2943642999889562,0.37060546875,-0.4512939453125,0.311798095703125,-0.749481201171875,0.0,-0.244140625,0.06103515625,0.447509765625,-0.8028564453125,0.3974609375,-297.0,152.0,-151.0,101700.0,-3.118000030517578,0,0
0.3592428999982076,0.370635986328125,-0.4512939453125,0.311798095703125,-0.749481201171875,-0.06103515625,-0.244140625,-0.06103515625,0.4442138671875,-0.8037109375,0.396728515625,-297.0,152.0,-151.0,101700.0,-3.118000030517578,0,0
0.3593110999936471,0.370635986328125,-0.4512939453125,0.31182861328125,-0.74945068359375,0.0,-0.18310546875,-0.1220703125,0.4437255859375,-0.803466796875,0.3968505859375,-297.0,152.0,-151.0,101700.0,-3.118000030517578,0,0
0.3593667999957688,0.370635986328125,-0.4512939453125,0.31182861328125,-0.74945068359375,0.0,0.1220703125,0.0,0.4468994140625,-0.8045654296875,0.3980712890625,-297.0,152.0,-151.0,101700.0,-3.118000030517578,0,0
0.35942169999179896,0.370635986328125,-0.4512939453125,0.31182861328125,-0.74945068359375,0.0,0.1220703125,0.0,0.4468994140625,-0.8045654296875,0.3980712890625,-297.0,152.0,-151.0,101700.0,-3.118000030517578,0,0
0.3594759999978123,0.37060546875,-0.4512939453125,0.31182861328125,-0.74945068359375,0.244140625,-0.18310546875,-0.3662109375,0.445068359375,-0.79931640625,0.39599609375,-297.0,152.0,-151.0,101700.0,-3.118000030517578,0,0
0.3595292999962112,0.3707275390625,-0.45135498046875,0.311767578125,-0.7493896484375,0.244140625,-0.18310546875,-0.3662109375,0.445068359375,-0.79931640625,0.39599609375,-297.0,152.0,-151.0,101700.0,-3.118000030517578,0,0
0.3595830999984173,0.3707275390625,-0.45135498046875,0.311767578125,-0.7493896484375,-0.1220703125,-0.18310546875,-0.42724609375,0.4442138671875,-0.80029296875,0.395751953125,-297.0,152.0,-151.0,101700.0,-3.118000030517578,0,0
0.3596502000000328,0.370697021484375,-0.45135498046875,0.311767578125,-0.7493896484375,0.0,-0.06103515625,-0.244140625,0.44580078125,-0.8004150390625,0.39453125,-297.0,152.0,-151.0,101700.0,-3.118000030517578,0,0
0.35970329999690875,0.370697021484375,-0.45135498046875,0.311767578125,-0.7493896484375,-0.06103515625,0.06103515625,0.30517578125,0.44775390625,-0.7998046875,0.3951416015625,-297.0,152.0,-151.0,101700.0,-3.118000030517578,0,0
0.3597558999899775,0.370697021484375,-0.45135498046875,0.311767578125,-0.7493896484375,-0.06103515625,0.06103515625,-0.244140625,0.4443359375,-0.799072265625,0.39794921875,-297.0,152.0,-151.0,101700.0,-3.118000030517578,0,0
0.3598073999892222,0.370697021484375,-0.45135498046875,0.311767578125,-0.7493896484375,-0.06103515625,0.06103515625,0.0,0.4439697265625,-0.8016357421875,0.396240234375,-297.0,152.0,-151.0,101700.0,-3.118000030517578,0,0
0.35986229999980424,0.370697021484375,-0.451385498046875,0.311767578125,-0.7493896484375,-0.18310546875,0.1220703125,-0.06103515625,0.447021484375,-0.800537109375,0.396484375,-297.0,152.0,-151.0,101700.0,-3.118000030517578,0,0
0.3599141999875428,0.370697021484375,-0.451385498046875,0.311767578125,-0.7493896484375,0.18310546875,0.0,0.06103515625,0.4466552734375,-0.8016357421875,0.3975830078125,-297.0,152.0,-151.0,101700.0,-3.118000030517578,0,0
0.42861019998963457,0.370697021484375,-0.451385498046875,0.311767578125,-0.7493896484375,-0.06103515625,-0.30517578125,-0.30517578125,0.44384765625,-0.802001953125,0.3955078125,-297.0,152.0,-151.0,101700.0,-3.118000030517578,0,0
0.42874859999574255,0.370697021484375,-0.451385498046875,0.311767578125,-0.7493896484375,0.0,-0.244140625,-0.48828125,0.4442138671875,-0.7998046875,0.395751953125,-297.0,152.0,-151.0,101700.0,-3.120000123977661,0,0
0.4288137999974424,0.370697021484375,-0.451385498046875,0.311767578125,-0.7493896484375,0.06103515625,-0.18310546875,0.18310546875,0.4473876953125,-0.8021240234375,0.399658203125,-297.0,153.0,-152.0,101700.0,-3.120000123977661,0,0
0.48381140000128653,0.37078857421875,-0.451446533203125,0.31170654296875,-0.74932861328125,-0.244140625,-0.244140625,0.0,0.4454345703125,-0.80322265625,0.4000244140625,-297.0,153.0,-152.0,101700.0,-3.120000123977661,0,0
0.483872099997825,0.37078857421875,-0.451446533203125,0.31170654296875,-0.74932861328125,-0.06103515625,0.06103515625,-0.30517578125,0.444091796875,-0.8023681640625,0.396728515625,-297.0,153.0,-152.0,101700.0,-3.120000123977661,0,0
0.4839276999991853,0.37078857421875,-0.451446533203125,0.31170654296875,-0.74932861328125,-0.1220703125,-0.18310546875,-0.06103515625,0.4459228515625,-0.80224609375,0.3961181640625,-297.0,153.0,-152.0,101700.0,-3.120000123977661,0,0
0.4839810999983456,0.37078857421875,-0.451446533203125,0.31170654296875,-0.74932861328125,0.244140625,-0.1220703125,-0.1220703125,0.4453125,-0.7989501953125,0.39892578125,-297.0,153.0,-152.0,101700.0,-3.120000123977661,0,0
0.48403439999674447,0.37078857421875,-0.451446533203125,0.31170654296875,-0.74932861328125,0.244140625,-0.1220703125,-0.1220703125,0.4453125,-0.7989501953125,0.39892578125,-297.0,153.0,-152.0,101700.0,-3.120000123977661,0,0
0.4851275999972131,0.37078857421875,-0.451446533203125,0.311737060546875,-0.74932861328125,0.0,-0.244140625,-0.06103515625,0.444091796875,-0.8028564453125,0.3980712890625,-297.0,153.0,-152.0,101700.0,-3.120000123977661,0,0
0.4851849999977276,0.37078857421875,-0.451446533203125,0.311737060546875,-0.74932861328125,0.244140625,0.244140625,-0.18310546875,0.44384765625,-0.8013916015625,0.396728515625,-297.0,153.0,-152.0,101700.0,-3.120000123977661,0,0
0.4852394999907119,0.37078857421875,-0.451446533203125,0.311737060546875,-0.74932861328125,0.06103515625,-0.06103515625,0.06103515625,0.4456787109375,-0.8031005859375,0.3980712890625,-297.0,153.0,-152.0,101700.0,-3.120000123977661,0,0
0.48529069998767227,0.37078857421875,-0.451446533203125,0.311737060546875,-0.74932861328125,0.18310546875,0.06103515625,-0.1220703125,0.446533203125,-0.80419921875,0.3978271484375,-297.0,153.0,-152.0,101700.0,-3.120000123977661,0,0
0.4853441000013845,0.37078857421875,-0.451446533203125,0.311737060546875,-0.74932861328125,-0.244140625,0.18310546875,0.06103515625,0.4443359375,-0.8033447265625,0.398681640625,-297.0,153.0,-152.0,101700.0,-3.120000123977661,0,0
0.4853959999891231,0.37078857421875,-0.451446533203125,0.311737060546875,-0.74932861328125,0.06103515625,-0.06103515625,0.06103515625,0.444580078125,-0.8006591796875,0.3975830078125,-297.0,153.0,-152.0,101700.0,-3.120000123977661,0,0
0.5660841999924742,0.37078857421875,-0.451446533203125,0.311737060546875,-0.749298095703125,0.18310546875,0.0,-0.244140625,0.443603515625,-0.80078125,0.3958740234375,-297.0,153.0,-152.0,101700.0,-3.120000123977661,0,0
0.5661562999885064,0.37078857421875,-0.451446533203125,0.311737060546875,-0.749298095703125,0.18310546875,-0.1220703125,-0.1220703125,0.442626953125,-0.801025390625,0.397216796875,-297.0,153.0,-152.0,101700.0,-3.120000123977661,0,0
0.5670558999991044,0.37078857421875,-0.451446533203125,0.311737060546875,-0.749298095703125,0.18310546875,-0.1220703125,-0.1220703125,0.442626953125,-0.801025390625,0.397216796875,-297.0,153.0,-152.0,101700.0,-3.120000123977661,0,0
0.5671263999975054,0.37078857421875,-0.451446533203125,0.311737060546875,-0.749298095703125,0.06103515625,0.0,0.0,0.4451904296875,-0.802734375,0.3978271484375,-297.0,153.0,-152.0,101700.0,-3.120000123977661,0,0
0.5671826999896439,0.37078857421875,-0.451446533203125,0.311737060546875,-0.749298095703125,-0.3662109375,0.1220703125,0.18310546875,0.4444580078125,-0.801025390625,0.397216796875,-297.0,153.0,-152.0,101700.0,-3.120000123977661,0,0
0.567237399998703,0.37078857421875,-0.451446533203125,0.311737060546875,-0.749298095703125,0.244140625,0.0,-0.06103515625,0.443603515625,-0.802978515625,0.3983154296875,-297.0,153.0,-152.0,101700.0,-3.120000123977661,0,0
0.5672905999963405,0.37078857421875,-0.451446533203125,0.311767578125,-0.749298095703125,-0.1220703125,-0.1220703125,-0.06103515625,0.4442138671875,-0.8018798828125,0.3984375,-297.0,153.0,-152.0,101700.0,-3.121000051498413,0,0
0.5678875999874435,0.370697021484375,-0.451385498046875,0.311798095703125,-0.749359130859375,-0.1220703125,-0.1220703125,-0.06103515625,0.4442138671875,-0.8018798828125,0.3984375,-296.0,152.0,-152.0,101700.0,-3.121000051498413,0,0
0.5679482999985339,0.370697021484375,-0.451385498046875,0.31182861328125,-0.749359130859375,0.0,-0.1220703125,0.1220703125,0.44287109375,-0.8016357421875,0.3973388671875,-296.0,152.0,-152.0,101700.0,-3.121000051498413,0,0
0.5680019999999786,0.370697021484375,-0.451385498046875,0.31182861328125,-0.749359130859375,0.0,-0.1220703125,0.1220703125,0.44287109375,-0.8016357421875,0.3973388671875,-296.0,152.0,-152.0,101700.0,-3.121000051498413,0,0
0.5680552999983774,0.370697021484375,-0.451385498046875,0.31182861328125,-0.749359130859375,0.244140625,-0.1220703125,-0.244140625,0.44287109375,-0.8018798828125,0.394775390625,-296.0,152.0,-152.0,101700.0,-3.121000051498413,0,0
0.5681105999974534,0.370697021484375,-0.451385498046875,0.31182861328125,-0.749359130859375,0.244140625,-0.1220703125,-0.244140625,0.44287109375,-0.8018798828125,0.394775390625,-296.0,152.0,-152.0,101700.0,-3.121000051498413,0,0
0.5681629999889992,0.370697021484375,-0.451385498046875,0.31182861328125,-0.749359130859375,0.244140625,-0.1220703125,-0.244140625,0.44287109375,-0.8018798828125,0.394775390625,-296.0,152.0,-152.0,101700.0,-3.121000051498413,0,0
0.6212654999981169,0.370697021484375,-0.451416015625,0.31182861328125,-0.74932861328125,0.0,0.06103515625,0.06103515625,0.4453125,-0.802490234375,0.3984375,-296.0,152.0,-152.0,101700.0,-3.121000051498413,0,0
0.6213356999942334,0.370697021484375,-0.451416015625,0.31182861328125,-0.74932861328125,0.0,0.06103515625,0.06103515625,0.4453125,-0.802490234375,0.3984375,-296.0,152.0,-152.0,101700.0,-3.121000051498413,0,0
0.621415599991451,0.370697021484375,-0.451416015625,0.31182861328125,-0.74932861328125,-0.30517578125,-0.1220703125,-0.18310546875,0.4427490234375,-0.8009033203125,0.3978271484375,-296.0,152.0,-152.0,101700.0,-3.121000051498413,0,0
0.6214813999977196,0.370697021484375,-0.451416015625,0.31182861328125,-0.74932861328125,-0.42724609375,-0.06103515625,-0.244140625,0.4453125,-0.8011474609375,0.3966064453125,-296.0,152.0,-152.0,101700.0,-3.121000051498413,0,0
0.6215478999947663,0.370697021484375,-0.451416015625,0.31182861328125,-0.74932861328125,0.18310546875,0.0,-0.3662109375,0.44580078125,-0.802490234375,0.3975830078125,-296.0,152.0,-152.0,101700.0,-3.121000051498413,0,0
0.6217738999985158,0.370697021484375,-0.451416015625,0.311859130859375,-0.74932861328125,0.06103515625,-0.18310546875,-0.244140625,0.4443359375,-0.8017578125,0.397216796875,-296.0,152.0,-152.0,101700.0,-3.121000051498413,0,0
0.621844900000724,0.370697021484375,-0.451416015625,0.311859130859375,-0.74932861328125,0.06103515625,-0.18310546875,-0.244140625,0.4443359375,-0.8017578125,0.397216796875,-296.0,152.0,-152.0,101700.0,-3.121000051498413,0,0
0.6219118000008166,0.370697021484375,-0.451416015625,0.311859130859375,-0.74932861328125,0.0,-0.06103515625,-0.06103515625,0.44677734375,-0.804931640625,0.3968505859375,-296.0,152.0,-152.0,101700.0,-3.121000051498413,0,0
0.6219735999911791,0.370697021484375,-0.451416015625,0.311859130859375,-0.74932861328125,0.1220703125,-0.06103515625,0.0,0.4451904296875,-0.802978515625,0.39697265625,-296.0,152.0,-152.0,101700.0,-3.121000051498413,0,0
0.622036399989156,0.370697021484375,-0.451416015625,0.311859130859375,-0.74932861328125,0.244140625,0.0,0.06103515625,0.44287109375,-0.80029296875,0.3980712890625,-296.0,152.0,-152.0,101700.0,-3.121000051498413,0,0
0.6220983999955934,0.370697021484375,-0.451416015625,0.31182861328125,-0.74932861328125,0.1220703125,-0.1220703125,0.18310546875,0.4444580078125,-0.802490234375,0.398193359375,-296.0,152.0,-152.0,101700.0,-3.121000051498413,0,0
0.6798092999961227,0.370697021484375,-0.451416015625,0.311859130859375,-0.74932861328125,0.42724609375,0.244140625,-0.18310546875,0.4454345703125,-0.80419921875,0.3973388671875,-295.0,151.0,-152.0,101700.0,-3.119000196456909,0,0
0.6798767000000225,0.370697021484375,-0.451416015625,0.311859130859375,-0.74932861328125,-0.1220703125,-0.244140625,0.3662109375,0.447998046875,-0.8018798828125,0.398681640625,-295.0,151.0,-152.0,101700.0,-3.119000196456909,0,0
0.6799370999942767,0.370697021484375,-0.451446533203125,0.311859130859375,-0.74932861328125,0.06103515625,-0.18310546875,-0.18310546875,0.447265625,-0.8026123046875,0.3975830078125,-295.0,151.0,-152.0,101700.0,-3.119000196456909,0,0
0.6799973000015598,0.370697021484375,-0.451446533203125,0.311859130859375,-0.74932861328125,0.06103515625,-0.18310546875,-0.18310546875,0.447265625,-0.8026123046875,0.3975830078125,-295.0,151.0,-152.0,101700.0,-3.119000196456909,0,0
0.680054199998267,0.370697021484375,-0.451446533203125,0.311859130859375,-0.74932861328125,0.1220703125,-0.1220703125,0.0,0.4443359375,-0.80126953125,0.39697265625,-295.0,151.0,-152.0,101700.0,-3.119000196456909,0,0
0.68074529999285,0.370697021484375,-0.451446533203125,0.311859130859375,-0.74932861328125,-0.1220703125,-0.244140625,0.0,0.4439697265625,-0.802001953125,0.3970947265625,-295.0,151.0,-152.0,101700.0,-3.119000196456909,0,0
0.680815799991251,0.370697021484375,-0.451416015625,0.311859130859375,-0.74932861328125,-0.06103515625,-0.06103515625,-0.48828125,0.445068359375,-0.8028564453125,0.39697265625,-295.0,151.0,-152.0,101700.0,-3.119000196456909,0,0
0.6808778999984497,0.370697021484375,-0.451416015625,0.311859130859375,-0.74932861328125,0.0,0.0,0.0,0.4437255859375,-0.7999267578125,0.3980712890625,-295.0,151.0,-152.0,101700.0,-3.119000196456909,0,0
0.6809377999888966,0.370697021484375,-0.451416015625,0.311859130859375,-0.74932861328125,0.06103515625,-0.1220703125,-0.244140625,0.4437255859375,-0.8016357421875,0.39697265625,-295.0,151.0,-152.0,101700.0,-3.119000196456909,0,0
0.6809949000016786,0.370697021484375,-0.451416015625,0.311859130859375,-0.74932861328125,0.1220703125,-0.06103515625,0.06103515625,0.4456787109375,-0.80078125,0.3985595703125,-295.0,151.0,-152.0,101700.0,-3.119000196456909,0,0
0.6810529999929713,0.370697021484375,-0.451416015625,0.311859130859375,-0.74932861328125,0.1220703125,-0.1220703125,-0.06103515625,0.445556640625,-0.798095703125,0.39697265625,-295.0,151.0,-152.0,101700.0,-3.119000196456909,0,0
0.6811578999913763,0.370697021484375,-0.451416015625,0.311859130859375,-0.74932861328125,0.1220703125,0.06103515625,0.0,0.443115234375,-0.80029296875,0.397216796875,-295.0,151.0,-152.0,101700.0,-3.119000196456909,0,0
0.7559446999948705,0.370697021484375,-0.451416015625,0.311859130859375,-0.74932861328125,0.1220703125,0.06103515625,0.0,0.443115234375,-0.80029296875,0.397216796875,-295.0,151.0,-152.0,101700.0,-3.119000196456909,0,0
0.7560116999957245,0.370697021484375,-0.451416015625,0.311859130859375,-0.74932861328125,0.1220703125,-0.30517578125,-0.06103515625,0.4443359375,-0.800537109375,0.39794921875,-295.0,151.0,-152.0,101700.0,-3.119000196456909,0,0
0.7560686999931931,0.370697021484375,-0.451416015625,0.311859130859375,-0.74932861328125,-0.1220703125,-0.18310546875,0.06103515625,0.4439697265625,-0.8023681640625,0.3966064453125,-295.0,151.0,-152.0,101700.0,-3.119000196456909,0,0
0.7561248999991221,0.370697021484375,-0.451416015625,0.311859130859375,-0.74932861328125,-0.244140625,-0.06103515625,-0.06103515625,0.44384765625,-0.802490234375,0.397216796875,-295.0,151.0,-152.0,101700.0,-3.119000196456909,0,0
0.7561793999921065,0.370697021484375,-0.451416015625,0.311859130859375,-0.74932861328125,0.0,-0.42724609375,0.06103515625,0.44580078125,-0.8028564453125,0.39794921875,-295.0,151.0,-152.0,101700.0,-3.119000196456909,0,0
0.756232399988221,0.370697021484375,-0.451416015625,0.311859130859375,-0.74932861328125,0.1220703125,-0.06103515625,0.06103515625,0.4443359375,-0.802734375,0.396484375,-295.0,151.0,-152.0,101700.0,-3.119000196456909,0,0
0.7565535999892745,0.370697021484375,-0.451446533203125,0.311859130859375,-0.74932861328125,-0.244140625,-0.244140625,0.0,0.446533203125,-0.8016357421875,0.3956298828125,-295.0,151.0,-152.0,101700.0,-3.120000123977661,0,0
0.7566071999899577,0.370697021484375,-0.451446533203125,0.311859130859375,-0.74932861328125,0.244140625,-0.1220703125,0.0,0.44384765625,-0.801513671875,0.3973388671875,-294.0,150.0,-151.0,101700.0,-3.120000123977661,0,0
0.7566603999875952,0.370574951171875,-0.451385498046875,0.311920166015625,-0.749359130859375,-0.18310546875,0.1220703125,-0.1220703125,0.4462890625,-0.80224609375,0.396728515625,-294.0,150.0,-151.0,101700.0,-3.120000123977661,0,0
0.7567138000013074,0.370574951171875,-0.451416015625,0.311920166015625,-0.749359130859375,0.06103515625,0.1220703125,-0.1220703125,0.4461669921875,-0.8028564453125,0.396240234375,-294.0,150.0,-151.0,101700.0,-3.120000123977661,0,0
0.7567674999882001,0.370574951171875,-0.451416015625,0.311920166015625,-0.749359130859375,0.06103515625,0.1220703125,-0.1220703125,0.4461669921875,-0.8028564453125,0.396240234375,-294.0,150.0,-151.0,101700.0,-3.120000123977661,0,0
0.7568221999972593,0.37060546875,-0.451385498046875,0.311920166015625,-0.749359130859375,-0.06103515625,0.06103515625,-0.06103515625,0.4442138671875,-0.8021240234375,0.3992919921875,-294.0,150.0,-151.0,101700.0,-3.120000123977661,0,0
0.805337799989502,0.37060546875,-0.451385498046875,0.311920166015625,-0.749359130859375,0.244140625,0.0,0.1220703125,0.444091796875,-0.8040771484375,0.396484375,-294.0,150.0,-151.0,101700.0,-3.120000123977661,0,0
0.8054015999950934,0.37060546875,-0.451385498046875,0.311920166015625,-0.749359130859375,-0.1220703125,0.0,0.0,0.4453125,-0.8004150390625,0.396728515625,-294.0,150.0,-151.0,101700.0,-3.120000123977661,0,0
0.8054571999964537,0.37060546875,-0.451385498046875,0.31195068359375,-0.749359130859375,0.42724609375,0.1220703125,-0.06103515625,0.4434814453125,-0.8016357421875,0.3958740234375,-294.0,150.0,-151.0,101700.0,-3.120000123977661,0,0
0.8055133999878308,0.37060546875,-0.451385498046875,0.31195068359375,-0.749359130859375,0.42724609375,0.1220703125,-0.06103515625,0.4434814453125,-0.8016357421875,0.3958740234375,-294.0,150.0,-151.0,101700.0,-3.120000123977661,0,0
0.8055672999907983,0.37060546875,-0.451385498046875,0.31195068359375,-0.749359130859375,0.18310546875,0.1220703125,0.0,0.4449462890625,-0.8016357421875,0.399169921875,-294.0,150.0,-151.0,101700.0,-3.120000123977661,0,0
0.8062037999916356,0.37060546875,-0.451385498046875,0.31195068359375,-0.749359130859375,0.18310546875,0.1220703125,0.0,0.4449462890625,-0.8016357421875,0.399169921875,-294.0,150.0,-151.0,101700.0,-3.120000123977661,0,0
0.806262499987497,0.37060546875,-0.451385498046875,0.31195068359375,-0.749359130859375,-0.06103515625,0.1220703125,-0.06103515625,0.445068359375,-0.8021240234375,0.3978271484375,-294.0,150.0,-151.0,101700.0,-3.120000123977661,0,0
0.806317599999602,0.37060546875,-0.451385498046875,0.31195068359375,-0.749359130859375,0.3662109375,-0.18310546875,0.0,0.4444580078125,-0.8017578125,0.3975830078125,-294.0,150.0,-151.0,101700.0,-3.120000123977661,0,0
0.8063738999917405,0.37060546875,-0.451385498046875,0.31195068359375,-0.749359130859375,-0.3662109375,0.06103515625,0.06103515625,0.4442138671875,-0.8037109375,0.3983154296875,-294.0,150.0,-151.0,101700.0,-3.120000123977661,0,0
0.8064272999909008,0.37060546875,-0.451385498046875,0.31195068359375,-0.749359130859375,0.42724609375,0.18310546875,0.0,0.4451904296875,-0.8006591796875,0.396240234375,-294.0,150.0,-151.0,101700.0,-3.120000123977661,0,0
0.8064802000008058,0.37060546875,-0.451385498046875,0.31195068359375,-0.749359130859375,-0.1220703125,-0.06103515625,0.1220703125,0.4443359375,-0.802490234375,0.39892578125,-294.0,150.0,-151.0,101700.0,-3.120000123977661,0,0
0.8681384999945294,0.37060546875,-0.451385498046875,0.31195068359375,-0.749359130859375,-0.3662109375,-0.3662109375,0.0,0.444580078125,-0.80126953125,0.399169921875,-293.0,150.0,-151.0,101700.0,-3.119000196456909,0,0
0.8682070999930147,0.37060546875,-0.451385498046875,0.31195068359375,-0.749359130859375,-0.3662109375,-0.3662109375,0.0,0.444580078125,-0.80126953125,0.399169921875,-293.0,150.0,-151.0,101700.0,-3.119000196456909,0,0
0.868263600001228,0.370513916015625,-0.451324462890625,0.31201171875,-0.749420166015625,-0.06103515625,0.06103515625,0.0,0.4434814453125,-0.8038330078125,0.398681640625,-293.0,150.0,-151.0,101700.0,-3.119000196456909,0,0
0.8683172999881208,0.370513916015625,-0.451324462890625,0.31201171875,-0.749420166015625,0.06103515625,-0.1220703125,0.30517578125,0.4461669921875,-0.802490234375,0.3975830078125,-293.0,150.0,-151.0,101700.0,-3.119000196456909,0,0
0.8684480999945663,0.370513916015625,-0.451324462890625,0.311981201171875,-0.749420166015625,-0.1220703125,-0.1220703125,0.1220703125,0.44580078125,-0.802978515625,0.3983154296875,-293.0,150.0,-151.0,101700.0,-3.119000196456909,0,0
0.8685283999948297,0.370513916015625,-0.451324462890625,0.311981201171875,-0.749420166015625,-0.1220703125,-0.1220703125,0.0,0.4461669921875,-0.8011474609375,0.398681640625,-293.0,150.0,-151.0,101700.0,-3.119000196456909,0,0
0.8685852999915369,0.370513916015625,-0.451324462890625,0.311981201171875,-0.749420166015625,-0.1220703125,-0.1220703125,-0.1220703125,0.444580078125,-0.8018798828125,0.398681640625,-293.0,150.0,-151.0,101700.0,-3.119000196456909,0,0
0.8686420000012731,0.370513916015625,-0.451324462890625,0.311981201171875,-0.749420166015625,0.48828125,0.244140625,0.0,0.44482421875,-0.802001953125,0.3974609375,-293.0,150.0,-151.0,101700.0,-3.119000196456909,0,0
0.8686957999889273,0.370513916015625,-0.451324462890625,0.311981201171875,-0.749420166015625,0.1220703125,-0.06103515625,0.0,0.44677734375,-0.8026123046875,0.397216796875,-293.0,150.0,-151.0,101700.0,-3.119000196456909,0,0
0.8687485999980709,0.370513916015625,-0.451324462890625,0.311981201171875,-0.749420166015625,0.18310546875,-0.06103515625,-0.18310546875,0.445068359375,-0.802490234375,0.3995361328125,-293.0,150.0,-151.0,101700.0,-3.119000196456909,0,0
0.8688011999911396,0.370513916015625,-0.451324462890625,0.311981201171875,-0.749420166015625,-0.18310546875,-0.18310546875,-0.244140625,0.4462890625,-0.8021240234375,0.3992919921875,-293.0,150.0,-151.0,101700.0,-3.119000196456909,0,0
0.8688564999902155,0.370513916015625,-0.451324462890625,0.311981201171875,-0.749420166015625,-0.18310546875,-0.18310546875,-0.244140625,0.4462890625,-0.8021240234375,0.3992919921875,-293.0,150.0,-151.0,101700.0,-3.119000196456909,0,0
0.9345541999937268,0.370513916015625,-0.451324462890625,0.31201171875,-0.749420166015625,0.1220703125,0.06103515625,-0.244140625,0.4461669921875,-0.80126953125,0.3974609375,-293.0,150.0,-151.0,101700.0,-3.119000196456909,0,0
0.9346624999889173,0.370513916015625,-0.451324462890625,0.311981201171875,-0.749420166015625,0.06103515625,-0.244140625,0.06103515625,0.4429931640625,-0.799072265625,0.3997802734375,-293.0,150.0,-151.0,101700.0,-3.119000196456909,0,0
0.9347202999924775,0.370513916015625,-0.4512939453125,0.311981201171875,-0.749420166015625,0.244140625,0.06103515625,-0.244140625,0.44384765625,-0.800537109375,0.398681640625,-293.0,150.0,-151.0,101700.0,-3.119000196456909,0,0
0.934775499990792,0.370513916015625,-0.4512939453125,0.311981201171875,-0.749420166015625,0.732421875,0.06103515625,0.1220703125,0.446044921875,-0.803466796875,0.397216796875,-293.0,150.0,-151.0,101700.0,-3.119000196456909,0,0
0.9348301999998512,0.370513916015625,-0.4512939453125,0.311981201171875,-0.749420166015625,0.06103515625,-0.06103515625,0.18310546875,0.445068359375,-0.8026123046875,0.398193359375,-293.0,150.0,-151.0,101700.0,-3.119000196456909,0,0
0.9348850999958813,0.370513916015625,-0.4512939453125,0.311981201171875,-0.749420166015625,0.18310546875,0.06103515625,-0.244140625,0.4464111328125,-0.8016357421875,0.398681640625,-293.0,150.0,-151.0,101700.0,-3.119000196456909,0,0
0.934980899997754,0.370513916015625,-0.4512939453125,0.311981201171875,-0.749420166015625,-0.06103515625,0.06103515625,0.1220703125,0.4466552734375,-0.8011474609375,0.3975830078125,-293.0,150.0,-151.0,101700.0,-3.119000196456909,0,0
0.9350348000007216,0.370513916015625,-0.4512939453125,0.311981201171875,-0.749420166015625,0.18310546875,-0.1220703125,0.1220703125,0.4454345703125,-0.8006591796875,0.3978271484375,-293.0,150.0,-151.0,101700.0,-3.119000196456909,0,0
0.9350869999907445,0.370513916015625,-0.4512939453125,0.311981201171875,-0.749420166015625,0.18310546875,-0.1220703125,0.1220703125,0.4454345703125,-0.8006591796875,0.3978271484375,-293.0,150.0,-151.0,101700.0,-3.119000196456909,0,0
0.935138899993035,0.370513916015625,-0.4512939453125,0.311981201171875,-0.749420166015625,0.30517578125,-0.18310546875,-0.06103515625,0.4437255859375,-0.802490234375,0.3975830078125,-292.0,149.0,-150.0,101700.0,-3.120000123977661,0,0
0.9351912999991328,0.370513916015625,-0.4512939453125,0.311981201171875,-0.749420166015625,-0.244140625,-0.18310546875,-0.30517578125,0.44384765625,-0.8017578125,0.3968505859375,-292.0,149.0,-150.0,101700.0,-3.120000123977661,0,0
0.9352432999876328,0.370513916015625,-0.4512939453125,0.311981201171875,-0.749420166015625,-0.1220703125,-0.06103515625,-0.06103515625,0.4451904296875,-0.800048828125,0.3973388671875,-292.0,149.0,-150.0,101700.0,-3.120000123977661,0,0
0.9966764999990119,0.370513916015625,-0.4512939453125,0.311981201171875,-0.749420166015625,0.67138671875,-0.244140625,-0.06103515625,0.445068359375,-0.80224609375,0.3970947265625,-292.0,149.0,-150.0,101700.0,-3.120000123977661,0,0
0.9967459999897983,0.370513916015625,-0.4512939453125,0.311981201171875,-0.749420166015625,0.18310546875,-0.18310546875,0.06103515625,0.444091796875,-0.8013916015625,0.3992919921875,-292.0,149.0,-150.0,101700.0,-3.120000123977661,0,0
0.9968045999994501,0.37054443359375,-0.4512939453125,0.311981201171875,-0.749420166015625,0.18310546875,-0.06103515625,0.06103515625,0.444580078125,-0.800537109375,0.3978271484375,-292.0,149.0,-150.0,101700.0,-3.120000123977661,0,0
0.9968597999977646,0.370513916015625,-0.4512939453125,0.311981201171875,-0.749420166015625,0.30517578125,-0.06103515625,0.06103515625,0.4449462890625,-0.8004150390625,0.398193359375,-292.0,149.0,-150.0,101700.0,-3.120000123977661,0,0
0.9969139999884646,0.370513916015625,-0.4512939453125,0.311981201171875,-0.749420166015625,0.30517578125,-0.06103515625,0.06103515625,0.4449462890625,-0.8004150390625,0.398193359375,-292.0,149.0,-150.0,101700.0,-3.120000123977661,0,0
0.9974871999875177,0.370513916015625,-0.4512939453125,0.311981201171875,-0.74945068359375,-0.1220703125,0.0,-0.06103515625,0.4454345703125,-0.7996826171875,0.398193359375,-292.0,149.0,-150.0,101700.0,-3.120000123977661,0,0
0.9975434999942081,0.37054443359375,-0.4512939453125,0.311981201171875,-0.74945068359375,-0.18310546875,0.06103515625,-0.06103515625,0.4443359375,-0.80224609375,0.3975830078125,-292.0,149.0,-150.0,101700.0,-3.120000123977661,0,0
0.9976492999994662,0.37054443359375,-0.4512939453125,0.311981201171875,-0.74945068359375,-0.1220703125,0.06103515625,0.06103515625,0.4454345703125,-0.8013916015625,0.398193359375,-292.0,149.0,-150.0,101700.0,-3.120000123977661,0,0
0.9977045999985421,0.37054443359375,-0.451263427734375,0.311981201171875,-0.74945068359375,0.0,-0.06103515625,0.06103515625,0.44189453125,-0.8028564453125,0.3985595703125,-292.0,149.0,-150.0,101700.0,-3.120000123977661,0,0
0.9977582999999868,0.37054443359375,-0.451263427734375,0.311981201171875,-0.74945068359375,0.30517578125,-0.06103515625,-0.18310546875,0.446533203125,-0.80322265625,0.399658203125,-292.0,149.0,-150.0,101700.0,-3.120000123977661,0,0
0.997810799992294,0.37054443359375,-0.451263427734375,0.311981201171875,-0.74945068359375,-0.06103515625,-0.1220703125,0.1220703125,0.4434814453125,-0.8023681640625,0.399658203125,-292.0,149.0,-150.0,101700.0,-3.120000123977661,0,0
0.9978648999967845,0.37054443359375,-0.451263427734375,0.311981201171875,-0.74945068359375,0.1220703125,-0.1220703125,-0.244140625,0.444091796875,-0.8028564453125,0.3984375,-292.0,149.0,-150.0,101700.0,-3.120000123977661,0,0
1.0579816999961622,0.37054443359375,-0.451263427734375,0.311981201171875,-0.74945068359375,0.18310546875,-0.1220703125,-0.06103515625,0.4442138671875,-0.801513671875,0.3994140625,-292.0,149.0,-150.0,101700.0,-3.120000123977661,0,0
1.0580424999934621,0.37054443359375,-0.451263427734375,0.311981201171875,-0.74945068359375,-0.06103515625,-0.06103515625,0.1220703125,0.4447021484375,-0.8028564453125,0.3980712890625,-292.0,149.0,-150.0,101700.0,-3.120000123977661,0,0
1.058097999994061,0.37054443359375,-0.451263427734375,0.311981201171875,-0.74945068359375,0.0,-0.1220703125,-0.06103515625,0.4464111328125,-0.80029296875,0.398681640625,-292.0,149.0,-150.0,101700.0,-3.120000123977661,0,0
1.05815199999779,0.37054443359375,-0.451263427734375,0.311981201171875,-0.74945068359375,0.0,0.06103515625,0.06103515625,0.4462890625,-0.8021240234375,0.3985595703125,-292.0,149.0,-150.0,101700.0,-3.120000123977661,0,0
1.05903330000001,0.37054443359375,-0.45123291015625,0.311981201171875,-0.74945068359375,0.30517578125,0.0,-0.244140625,0.44482421875,-0.8009033203125,0.398681640625,-292.0,149.0,-150.0,101700.0,-3.120000123977661,0,0
1.0591259999928297,0.37054443359375,-0.45123291015625,0.311981201171875,-0.749481201171875,0.3662109375,0.0,-0.244140625,0.4434814453125,-0.8021240234375,0.3994140625,-292.0,149.0,-150.0,101700.0,-3.120000123977661,0,0
1.1260301000002073,0.37054443359375,-0.45123291015625,0.31195068359375,-0.749481201171875,0.0,0.0,0.0,0.4464111328125,-0.8021240234375,0.3978271484375,-292.0,149.0,-150.0,101700.0,-3.117000102996826,0,0
1.1260941999935312,0.37054443359375,-0.45123291015625,0.31195068359375,-0.749481201171875,0.06103515625,-0.06103515625,0.0,0.44580078125,-0.8021240234375,0.3984375,-292.0,149.0,-150.0,101700.0,-3.117000102996826,0,0
1.1261539999977686,0.37054443359375,-0.45123291015625,0.31195068359375,-0.749481201171875,0.3662109375,-0.244140625,-0.18310546875,0.44580078125,-0.802734375,0.3978271484375,-292.0,149.0,-150.0,101700.0,-3.117000102996826,0,0
1.1262089999945601,0.37054443359375,-0.45123291015625,0.31195068359375,-0.749481201171875,-0.06103515625,-0.1220703125,-0.1220703125,0.4442138671875,-0.8033447265625,0.3994140625,-292.0,149.0,-150.0,101700.0,-3.117000102996826,0,0
1.1262620999914361,0.37054443359375,-0.45123291015625,0.31195068359375,-0.749481201171875,-0.06103515625,-0.06103515625,0.1220703125,0.4462890625,-0.80126953125,0.399658203125,-292.0,149.0,-150.0,101700.0,-3.117000102996826,0,0
1.126318700000411,0.37054443359375,-0.45123291015625,0.31195068359375,-0.749481201171875,0.06103515625,0.0,0.0,0.4437255859375,-0.801513671875,0.3995361328125,-292.0,149.0,-150.0,101700.0,-3.117000102996826,0,0
1.1265061000012793,0.37054443359375,-0.451202392578125,0.31195068359375,-0.749481201171875,0.18310546875,-0.1220703125,0.06103515625,0.4456787109375,-0.8021240234375,0.4000244140625,-292.0,149.0,-150.0,101700.0,-3.117000102996826,0,0
1.1266116999904625,0.37054443359375,-0.451202392578125,0.31195068359375,-0.749481201171875,0.18310546875,-0.1220703125,0.06103515625,0.4456787109375,-0.8021240234375,0.4000244140625,-292.0,149.0,-150.0,101700.0,-3.117000102996826,0,0
1.1266648000018904,0.37054443359375,-0.45123291015625,0.31195068359375,-0.749481201171875,0.1220703125,0.06103515625,-0.06103515625,0.445556640625,-0.8018798828125,0.399169921875,-292.0,149.0,-150.0,101700.0,-3.117000102996826,0,0
1.1267692999972496,0.37054443359375,-0.45123291015625,0.31195068359375,-0.749481201171875,0.0,-0.18310546875,-0.1220703125,0.445068359375,-0.8016357421875,0.39892578125,-292.0,149.0,-150.0,101700.0,-3.117000102996826,0,0
1.126836600000388,0.37054443359375,-0.451202392578125,0.31195068359375,-0.749481201171875,-0.18310546875,0.1220703125,0.0,0.4453125,-0.802490234375,0.3984375,-292.0,149.0,-150.0,101700.0,-3.117000102996826,0,0
1.1268944999901578,0.37054443359375,-0.45123291015625,0.31195068359375,-0.749481201171875,-0.18310546875,0.1220703125,0.0,0.4453125,-0.802490234375,0.3984375,-292.0,148.0,-149.0,101700.0,-3.117000102996826,0,0
1.126948099990841,0.37054443359375,-0.45123291015625,0.31195068359375,-0.749481201171875,0.0,0.18310546875,0.0,0.4471435546875,-0.801025390625,0.3975830078125,-292.0,148.0,-149.0,101700.0,-3.117000102996826,0,0
1.1906017000001157,0.37054443359375,-0.45123291015625,0.311920166015625,-0.749481201171875,0.18310546875,-0.18310546875,0.0,0.4462890625,-0.8017578125,0.3994140625,-292.0,148.0,-149.0,101700.0,-3.117000102996826,0,0
1.190666099995724,0.37054443359375,-0.45123291015625,0.311920166015625,-0.749481201171875,0.0,0.0,-0.06103515625,0.4451904296875,-0.8018798828125,0.3990478515625,-292.0,148.0,-149.0,101700.0,-3.117000102996826,0,0
1.1907246999908239,0.37054443359375,-0.45123291015625,0.311920166015625,-0.749481201171875,0.0,0.0,-0.06103515625,0.4451904296875,-0.8018798828125,0.3990478515625,-292.0,148.0,-149.0,101700.0,-3.117000102996826,0,0
1.1907833000004757,0.37054443359375,-0.451202392578125,0.311920166015625,-0.74951171875,0.06103515625,-0.06103515625,-0.30517578125,0.4444580078125,-0.7999267578125,0.3985595703125,-292.0,148.0,-149.0,101700.0,-3.117000102996826,0,0
1.1909026999928756,0.37054443359375,-0.451202392578125,0.311920166015625,-0.74951171875,-0.244140625,-0.1220703125,-0.18310546875,0.4434814453125,-0.800537109375,0.3995361328125,-292.0,148.0,-149.0,101700.0,-3.117000102996826,0,0
1.1909639999939827,0.37054443359375,-0.451202392578125,0.311920166015625,-0.74951171875,0.0,0.06103515625,-0.1220703125,0.4453125,-0.8031005859375,0.3980712890625,-292.0,148.0,-149.0,101700.0,-3.117000102996826,0,0
1.1910225999890827,0.37054443359375,-0.451202392578125,0.311920166015625,-0.74951171875,0.0,0.06103515625,-0.1220703125,0.4453125,-0.8031005859375,0.3980712890625,-292.0,148.0,-149.0,101700.0,-3.117000102996826,0,0
1.1910846999962814,0.37054443359375,-0.451202392578125,0.311920166015625,-0.74951171875,0.18310546875,0.244140625,0.0,0.445556640625,-0.80224609375,0.3984375,-292.0,148.0,-149.0,101700.0,-3.117000102996826,0,0
1.1911424999998417,0.37054443359375,-0.451202392578125,0.311920166015625,-0.74951171875,0.18310546875,0.0,-0.18310546875,0.4462890625,-0.8018798828125,0.3995361328125,-292.0,148.0,-149.0,101700.0,-3.117000102996826,0,0
1.1911986999912187,0.37054443359375,-0.451202392578125,0.311920166015625,-0.74951171875,0.0,0.1220703125,0.06103515625,0.4449462890625,-0.7998046875,0.398681640625,-292.0,148.0,-149.0,101700.0,-3.117000102996826,0,0
1.191255199999432,0.37054443359375,-0.451202392578125,0.311920166015625,-0.74951171875,0.0,0.06103515625,0.1220703125,0.446044921875,-0.80224609375,0.4000244140625,-292.0,148.0,-149.0,101700.0,-3.117000102996826,0,0
1.2663710999913746,0.37054443359375,-0.451171875,0.3118896484375,-0.74951171875,0.0,-0.06103515625,-0.18310546875,0.4443359375,-0.8004150390625,0.3992919921875,-292.0,148.0,-149.0,101700.0,-3.117000102996826,0,0
1.2664484999986598,0.37054443359375,-0.451171875,0.3118896484375,-0.749542236328125,0.06103515625,0.06103515625,0.06103515625,0.444091796875,-0.801025390625,0.3994140625,-292.0,148.0,-149.0,101700.0,-3.117000102996826,0,0
1.266512000001967,0.37054443359375,-0.451171875,0.3118896484375,-0.749542236328125,0.0,-0.18310546875,0.244140625,0.4451904296875,-0.80078125,0.3995361328125,-292.0,148.0,-149.0,101700.0,-3.117000102996826,0,0
1.2665726999985054,0.37054443359375,-0.451171875,0.3118896484375,-0.749542236328125,0.18310546875,0.0,-0.06103515625,0.44580078125,-0.80126953125,0.3997802734375,-293.0,147.0,-148.0,101700.0,-3.117000102996826,0,0
1.2666301999997813,0.37054443359375,-0.451171875,0.3118896484375,-0.749542236328125,-0.18310546875,0.06103515625,0.1220703125,0.4449462890625,-0.80224609375,0.399658203125,-293.0,147.0,-148.0,101700.0,-3.117000102996826,0,0
1.2668518999998923,0.37066650390625,-0.451202392578125,0.31182861328125,-0.749481201171875,0.06103515625,-0.1220703125,0.06103515625,0.44384765625,-0.8009033203125,0.39794921875,-293.0,147.0,-148.0,101700.0,-3.117000102996826,0,0
1.2669247000012547,0.37066650390625,-0.45123291015625,0.311798095703125,-0.749481201171875,0.48828125,0.06103515625,-0.06103515625,0.4453125,-0.7999267578125,0.3988037109375,-293.0,147.0,-148.0,101700.0,-3.117000102996826,0,0
1.2669849999947473,0.37066650390625,-0.45123291015625,0.311798095703125,-0.749481201171875,-0.1220703125,0.06103515625,0.0,0.446533203125,-0.8037109375,0.39794921875,-293.0,147.0,-148.0,101700.0,-3.117000102996826,0,0
1.267042899999069,0.37066650390625,-0.45123291015625,0.311798095703125,-0.749481201171875,-0.1220703125,0.06103515625,0.0,0.446533203125,-0.8037109375,0.39794921875,-293.0,147.0,-148.0,101700.0,-3.117000102996826,0,0
1.267101499994169,0.37066650390625,-0.451202392578125,0.311798095703125,-0.749481201171875,-0.06103515625,-0.30517578125,-0.1220703125,0.4466552734375,-0.802490234375,0.3984375,-293.0,147.0,-148.0,101700.0,-3.117000102996826,0,0
1.2671594999992521,0.37066650390625,-0.451202392578125,0.311798095703125,-0.749481201171875,-0.1220703125,-0.06103515625,0.06103515625,0.4442138671875,-0.80126953125,0.39990234375,-293.0,147.0,-148.0,101700.0,-3.117000102996826,0,0
1.3171007999917492,0.37066650390625,-0.451202392578125,0.311798095703125,-0.74951171875,0.3662109375,-0.1220703125,0.06103515625,0.4456787109375,-0.802734375,0.3994140625,-293.0,147.0,-148.0,101700.0,-3.117000102996826,0,0
1.317169499990996,0.37066650390625,-0.451202392578125,0.311798095703125,-0.74951171875,-0.30517578125,-0.1220703125,-0.06103515625,0.4471435546875,-0.8009033203125,0.4002685546875,-293.0,147.0,-148.0,101700.0,-3.117000102996826,0,0
1.3172248999908334,0.37066650390625,-0.451202392578125,0.311798095703125,-0.74951171875,-0.1220703125,0.06103515625,-0.18310546875,0.4434814453125,-0.80029296875,0.3995361328125,-293.0,147.0,-148.0,101700.0,-3.117000102996826,0,0
1.317279700000654,0.37066650390625,-0.451202392578125,0.311798095703125,-0.74951171875,-0.1220703125,-0.18310546875,-0.06103515625,0.4444580078125,-0.7996826171875,0.398681640625,-293.0,147.0,-148.0,101700.0,-3.117000102996826,0,0
1.3173330999998143,0.37066650390625,-0.451202392578125,0.311798095703125,-0.74951171875,0.0,0.0,-0.30517578125,0.4464111328125,-0.8021240234375,0.4005126953125,-293.0,147.0,-148.0,101700.0,-3.117000102996826,0,0
1.3173888999881456,0.37066650390625,-0.451202392578125,0.311798095703125,-0.74951171875,0.30517578125,0.0,-0.06103515625,0.4464111328125,-0.802978515625,0.3975830078125,-293.0,147.0,-148.0,101700.0,-3.117000102996826,0,0
1.3174948999949265,0.37066650390625,-0.451202392578125,0.311798095703125,-0.74951171875,0.30517578125,0.0,-0.06103515625,0.4464111328125,-0.802978515625,0.3975830078125,-293.0,147.0,-148.0,101700.0,-3.117000102996826,0,0
1.3175506999978097,0.37066650390625,-0.451202392578125,0.311798095703125,-0.74951171875,0.0,-0.06103515625,-0.18310546875,0.4459228515625,-0.8009033203125,0.398681640625,-293.0,147.0,-148.0,101700.0,-3.117000102996826,0,0
1.3176054999930784,0.37066650390625,-0.451202392578125,0.311767578125,-0.74951171875,-0.18310546875,0.0,-0.18310546875,0.4476318359375,-0.80126953125,0.3994140625,-293.0,147.0,-148.0,101700.0,-3.117000102996826,0,0
1.3176601999875857,0.37066650390625,-0.451202392578125,0.311767578125,-0.74951171875,0.244140625,-0.30517578125,0.0,0.4459228515625,-0.802734375,0.39892578125,-293.0,147.0,-148.0,101700.0,-3.117000102996826,0,0
1.3177136999875074,0.37066650390625,-0.451202392578125,0.311767578125,-0.74951171875,0.30517578125,0.06103515625,-0.18310546875,0.446533203125,-0.802490234375,0.3988037109375,-293.0,147.0,-148.0,101700.0,-3.117000102996826,0,0
1.3177666999981739,0.37066650390625,-0.451202392578125,0.311767578125,-0.74951171875,-0.18310546875,-0.244140625,0.0,0.445556640625,-0.8026123046875,0.398681640625,-293.0,147.0,-148.0,101700.0,-3.117000102996826,0,0
1.3178191999904811,0.37066650390625,-0.451202392578125,0.311767578125,-0.74951171875,-0.18310546875,-0.06103515625,0.1220703125,0.4443359375,-0.8004150390625,0.399169921875,-293.0,147.0,-148.0,101700.0,-3.117000102996826,0,0
1.383226599995396,0.370758056640625,-0.451263427734375,0.31170654296875,-0.74945068359375,0.18310546875,0.0,-0.06103515625,0.4461669921875,-0.802734375,0.3973388671875,-293.0,148.0,-148.0,101700.0,-3.117000102996826,0,0
1.3832899999979418,0.370758056640625,-0.451263427734375,0.31170654296875,-0.74945068359375,0.18310546875,0.0,-0.06103515625,0.4461669921875,-0.802734375,0.3973388671875,-293.0,148.0,-148.0,101700.0,-3.117000102996826,0,0
1.3833463999908417,0.370758056640625,-0.451263427734375,0.31170654296875,-0.74945068359375,0.0,-0.244140625,0.06103515625,0.4456787109375,-0.8009033203125,0.396484375,-293.0,148.0,-148.0,101700.0,-3.117000102996826,0,0
1.3834014999883948,0.370758056640625,-0.451263427734375,0.31170654296875,-0.74945068359375,0.244140625,-0.18310546875,-0.1220703125,0.443603515625,-0.80029296875,0.3975830078125,-293.0,148.0,-148.0,101700.0,-3.117000102996826,0,0
1.3834560999966925,0.370758056640625,-0.451263427734375,0.31170654296875,-0.74945068359375,-0.1220703125,0.06103515625,0.0,0.4454345703125,-0.799560546875,0.39892578125,-293.0,148.0,-148.0,101700.0,-3.117000102996826,0,0
1.3835247999959392,0.370758056640625,-0.45123291015625,0.31170654296875,-0.74945068359375,0.42724609375,-0.06103515625,0.0,0.4442138671875,-0.802490234375,0.3994140625,-293.0,148.0,-148.0,101700.0,-3.117000102996826,0,0
1.3835785999981454,0.370758056640625,-0.45123291015625,0.31170654296875,-0.74945068359375,0.1220703125,-0.06103515625,-0.06103515625,0.4459228515625,-0.8017578125,0.3990478515625,-293.0,148.0,-148.0,101700.0,-3.117000102996826,0,0
1.3843269999924814,0.370758056640625,-0.451263427734375,0.31170654296875,-0.74945068359375,0.06103515625,0.06103515625,-0.30517578125,0.4461669921875,-0.8026123046875,0.3980712890625,-293.0,148.0,-148.0,101700.0,-3.117000102996826,0,0
1.384403799995198,0.370758056640625,-0.451263427734375,0.31170654296875,-0.74945068359375,0.06103515625,0.1220703125,0.1220703125,0.4481201171875,-0.801025390625,0.398681640625,-293.0,148.0,-148.0,101700.0,-3.119000196456909,0,0
1.3844623999902979,0.370758056640625,-0.451263427734375,0.31170654296875,-0.749481201171875,0.0,0.1220703125,-0.1220703125,0.447265625,-0.801513671875,0.39794921875,-293.0,148.0,-148.0,101700.0,-3.119000196456909,0,0
1.3845189999992726,0.370758056640625,-0.451263427734375,0.31170654296875,-0.749481201171875,0.0,0.1220703125,-0.1220703125,0.447265625,-0.801513671875,0.39794921875,-293.0,148.0,-148.0,101700.0,-3.119000196456909,0,0
1.4504428999935044,0.370758056640625,-0.451263427734375,0.31170654296875,-0.74945068359375,0.06103515625,0.06103515625,-0.244140625,0.4447021484375,-0.8011474609375,0.3980712890625,-293.0,148.0,-148.0,101700.0,-3.119000196456909,0,0
1.4505048999999417,0.370758056640625,-0.451263427734375,0.31170654296875,-0.74945068359375,-0.30517578125,0.30517578125,-0.18310546875,0.4466552734375,-0.8013916015625,0.3978271484375,-293.0,148.0,-148.0,101700.0,-3.119000196456909,0,0
1.4505623000004562,0.370758056640625,-0.451263427734375,0.31170654296875,-0.74945068359375,0.0,-0.06103515625,0.244140625,0.4464111328125,-0.8037109375,0.3992919921875,-293.0,148.0,-148.0,101700.0,-3.119000196456909,0,0
1.4506162999896333,0.3707275390625,-0.451263427734375,0.31170654296875,-0.74945068359375,0.1220703125,0.06103515625,0.06103515625,0.4459228515625,-0.80029296875,0.3978271484375,-293.0,148.0,-148.0,101700.0,-3.119000196456909,0,0
1.450670699996408,0.3707275390625,-0.451263427734375,0.31170654296875,-0.74945068359375,0.18310546875,0.0,-0.244140625,0.4422607421875,-0.802001953125,0.3963623046875,-293.0,148.0,-148.0,101700.0,-3.119000196456909,0,0
1.4507404999894788,0.3707275390625,-0.451263427734375,0.31170654296875,-0.74945068359375,0.18310546875,0.0,-0.244140625,0.4422607421875,-0.802001953125,0.3963623046875,-293.0,147.0,-149.0,101700.0,-3.119000196456909,0,0
1.4507956000015838,0.370758056640625,-0.451263427734375,0.31170654296875,-0.74945068359375,0.06103515625,0.0,-0.1220703125,0.44384765625,-0.8016357421875,0.3974609375,-293.0,147.0,-149.0,101700.0,-3.119000196456909,0,0
1.4508486999984598,0.370758056640625,-0.451263427734375,0.31170654296875,-0.74945068359375,0.06103515625,0.0,-0.1220703125,0.44384765625,-0.8016357421875,0.3974609375,-293.0,147.0,-149.0,101700.0,-3.119000196456909,0,0
1.4509030999906827,0.370758056640625,-0.451263427734375,0.31170654296875,-0.74945068359375,0.1220703125,-0.30517578125,0.0,0.444580078125,-0.8031005859375,0.3974609375,-293.0,147.0,-149.0,101700.0,-3.119000196456909,0,0
1.45095629998832,0.3707275390625,-0.451263427734375,0.31170654296875,-0.74945068359375,0.06103515625,0.0,-0.1220703125,0.446533203125,-0.8021240234375,0.3992919921875,-293.0,147.0,-149.0,101700.0,-3.119000196456909,0,0
1.451008499992895,0.3707275390625,-0.451263427734375,0.31170654296875,-0.74945068359375,-0.06103515625,-0.06103515625,0.06103515625,0.4471435546875,-0.80224609375,0.3974609375,-293.0,147.0,-149.0,101700.0,-3.119000196456909,0,0
1.525049999996554,0.3707275390625,-0.4512939453125,0.31170654296875,-0.74945068359375,0.06103515625,0.1220703125,-0.244140625,0.4478759765625,-0.80224609375,0.398681640625,-293.0,147.0,-149.0,101700.0,-3.119000196456909,0,0
1.5251250000001164,0.3707275390625,-0.4512939453125,0.31170654296875,-0.74945068359375,-0.06103515625,-0.18310546875,0.0,0.4478759765625,-0.80224609375,0.3980712890625,-293.0,147.0,-149.0,101700.0,-3.119000196456909,0,0
1.525185499995132,0.3707275390625,-0.4512939453125,0.31170654296875,-0.74945068359375,0.30517578125,-0.06103515625,-0.06103515625,0.443359375,-0.801513671875,0.3975830078125,-293.0,147.0,-149.0,101700.0,-3.119000196456909,0,0
1.5252423999918392,0.3707275390625,-0.4512939453125,0.31170654296875,-0.74945068359375,0.06103515625,0.06103515625,0.0,0.4462890625,-0.8038330078125,0.396240234375,-293.0,147.0,-149.0,101700.0,-3.119000196456909,0,0
1.5252981999947224,0.3707275390625,-0.4512939453125,0.31170654296875,-0.74945068359375,0.0,-0.06103515625,-0.1220703125,0.4443359375,-0.80224609375,0.3973388671875,-293.0,147.0,-149.0,101700.0,-3.117000102996826,0,0
1.5253528999892296,0.3707275390625,-0.4512939453125,0.31170654296875,-0.74945068359375,0.0,-0.06103515625,-0.1220703125,0.4443359375,-0.80224609375,0.3973388671875,-293.0,147.0,-149.0,101700.0,-3.117000102996826,0,0
1.5254252999875462,0.3707275390625,-0.4512939453125,0.31170654296875,-0.74945068359375,-0.48828125,-0.1220703125,-0.30517578125,0.4462890625,-0.8006591796875,0.3968505859375,-293.0,147.0,-149.0,101700.0,-3.117000102996826,0,0
1.5255323999881512,0.3707275390625,-0.4512939453125,0.31170654296875,-0.74945068359375,-0.1220703125,0.0,0.06103515625,0.44677734375,-0.802978515625,0.3983154296875,-293.0,147.0,-149.0,101700.0,-3.117000102996826,0,0
1.5255861999903573,0.3707275390625,-0.4512939453125,0.31170654296875,-0.74945068359375,0.06103515625,-0.06103515625,-0.18310546875,0.4461669921875,-0.8033447265625,0.3983154296875,-293.0,147.0,-149.0,101700.0,-3.117000102996826,0,0
1.5256404999963706,0.3707275390625,-0.4512939453125,0.31170654296875,-0.74945068359375,0.0,-0.06103515625,0.1220703125,0.4453125,-0.803466796875,0.3985595703125,-293.0,147.0,-149.0,101700.0,-3.117000102996826,0,0
1.5256939999962924,0.3707275390625,-0.4512939453125,0.31170654296875,-0.74945068359375,0.06103515625,0.0,-0.244140625,0.4449462890625,-0.802490234375,0.3958740234375,-293.0,147.0,-149.0,101700.0,-3.117000102996826,0,0
1.5257486999907997,0.3707275390625,-0.4512939453125,0.31170654296875,-0.74945068359375,0.1220703125,0.0,-0.06103515625,0.4495849609375,-0.8017578125,0.3978271484375,-293.0,147.0,-149.0,101700.0,-3.117000102996826,0,0
1.5258024999930058,0.3707275390625,-0.4512939453125,0.31170654296875,-0.74945068359375,-0.1220703125,-0.06103515625,-0.244140625,0.4453125,-0.80224609375,0.3983154296875,-293.0,147.0,-149.0,101700.0,-3.117000102996826,0,0
1.5741431999922497,0.3707275390625,-0.4512939453125,0.31170654296875,-0.74945068359375,0.0,0.1220703125,0.0,0.443603515625,-0.8023681640625,0.39794921875,-293.0,147.0,-149.0,101700.0,-3.117000102996826,0,0
1.5742757999978494,0.37091064453125,-0.451385498046875,0.31158447265625,-0.74932861328125,-0.06103515625,-0.06103515625,-0.06103515625,0.4454345703125,-0.80078125,0.3980712890625,-293.0,149.0,-148.0,101700.0,-3.117000102996826,0,0
1.5743455999909202,0.37091064453125,-0.451385498046875,0.31158447265625,-0.74932861328125,-0.1220703125,-0.18310546875,0.0,0.4451904296875,-0.8046875,0.3994140625,-293.0,149.0,-148.0,101700.0,-3.117000102996826,0,0
1.5744014999945648,0.370941162109375,-0.451385498046875,0.31158447265625,-0.74932861328125,0.06103515625,-0.06103515625,0.1220703125,0.4427490234375,-0.8006591796875,0.399169921875,-293.0,149.0,-148.0,101700.0,-3.117000102996826,0,0
1.5744564999913564,0.370941162109375,-0.451385498046875,0.31158447265625,-0.74932861328125,0.0,-0.06103515625,-0.06103515625,0.4461669921875,-0.802001953125,0.3983154296875,-293.0,149.0,-148.0,101700.0,-3.117000102996826,0,0
1.574525599993649,0.370941162109375,-0.451385498046875,0.31158447265625,-0.74932861328125,-0.244140625,0.0,-0.18310546875,0.4453125,-0.8018798828125,0.3974609375,-293.0,149.0,-148.0,101700.0,-3.117000102996826,0,0
1.5745778999989852,0.37091064453125,-0.451385498046875,0.31158447265625,-0.74932861328125,0.0,0.0,0.06103515625,0.446533203125,-0.80078125,0.3980712890625,-293.0,149.0,-148.0,101700.0,-3.117000102996826,0,0
1.5746805999951903,0.37091064453125,-0.451385498046875,0.31158447265625,-0.749359130859375,0.06103515625,0.0,-0.06103515625,0.4439697265625,-0.801025390625,0.39892578125,-293.0,149.0,-148.0,101700.0,-3.117000102996826,0,0
1.5747332999890205,0.37091064453125,-0.451385498046875,0.31158447265625,-0.749359130859375,-0.06103515625,-0.18310546875,-0.06103515625,0.4456787109375,-0.8018798828125,0.3970947265625,-293.0,149.0,-148.0,101700.0,-3.117000102996826,0,0
1.5747856999951182,0.37091064453125,-0.451385498046875,0.31158447265625,-0.749359130859375,-0.06103515625,-0.18310546875,-0.06103515625,0.4456787109375,-0.8018798828125,0.3970947265625,-293.0,149.0,-148.0,101700.0,-3.117000102996826,0,0
1.5748387999919942,0.370941162109375,-0.451385498046875,0.31158447265625,-0.749359130859375,0.18310546875,-0.244140625,0.0,0.443115234375,-0.8017578125,0.3990478515625,-293.0,149.0,-148.0,101700.0,-3.118000030517578,0,0
1.6446813999937149,0.370941162109375,-0.451385498046875,0.31158447265625,-0.749359130859375,0.1220703125,0.06103515625,-0.1220703125,0.44482421875,-0.8033447265625,0.398681640625,-293.0,149.0,-148.0,101700.0,-3.118000030517578,0,0
1.6447436999878846,0.37091064453125,-0.451385498046875,0.31158447265625,-0.749359130859375,0.3662109375,0.0,0.18310546875,0.44677734375,-0.8018798828125,0.3988037109375,-293.0,149.0,-148.0,101700.0,-3.118000030517578,0,0
1.6448295000009239,0.37091064453125,-0.451385498046875,0.31158447265625,-0.749359130859375,0.244140625,-0.18310546875,0.06103515625,0.4432373046875,-0.80078125,0.39794921875,-293.0,149.0,-148.0,101700.0,-3.118000030517578,0,0
1.64490489999298,0.37091064453125,-0.451385498046875,0.31158447265625,-0.749359130859375,0.06103515625,-0.244140625,-0.244140625,0.4456787109375,-0.802490234375,0.3984375,-293.0,149.0,-148.0,101700.0,-3.118000030517578,0,0
1.644962399994256,0.37091064453125,-0.451385498046875,0.31158447265625,-0.749359130859375,0.0,-0.1220703125,0.06103515625,0.44482421875,-0.8031005859375,0.3966064453125,-293.0,149.0,-148.0,101700.0,-3.118000030517578,0,0
1.6451077999954578,0.37091064453125,-0.451385498046875,0.31158447265625,-0.749359130859375,-0.1220703125,-0.06103515625,-0.1220703125,0.447509765625,-0.802978515625,0.400146484375,-293.0,149.0,-148.0,101700.0,-3.118000030517578,0,0
1.645190299997921,0.37091064453125,-0.451385498046875,0.31158447265625,-0.749359130859375,-0.1220703125,-0.06103515625,-0.1220703125,0.447509765625,-0.802978515625,0.400146484375,-293.0,149.0,-148.0,101700.0,-3.118000030517578,0,0
1.6452506999921752,0.37091064453125,-0.451385498046875,0.31158447265625,-0.749359130859375,-0.3662109375,-0.18310546875,-0.06103515625,0.445068359375,-0.8011474609375,0.3985595703125,-293.0,149.0,-149.0,101700.0,-3.118000030517578,0,0
1.6453068999981042,0.37091064453125,-0.451385498046875,0.31158447265625,-0.749359130859375,0.1220703125,-0.1220703125,0.0,0.4462890625,-0.803466796875,0.3978271484375,-293.0,149.0,-149.0,101700.0,-3.118000030517578,0,0
1.6453734999959124,0.37091064453125,-0.451385498046875,0.31158447265625,-0.749359130859375,0.0,-0.1220703125,0.18310546875,0.4439697265625,-0.7998046875,0.3985595703125,-293.0,149.0,-149.0,101700.0,-3.118000030517578,0,0
1.6454277000011643,0.37091064453125,-0.451385498046875,0.31158447265625,-0.749359130859375,0.1220703125,-0.1220703125,0.06103515625,0.44580078125,-0.80078125,0.3988037109375,-293.0,149.0,-149.0,101700.0,-3.118000030517578,0,0
1.6969066000019666,0.37091064453125,-0.451385498046875,0.31158447265625,-0.749359130859375,0.06103515625,0.0,0.06103515625,0.44580078125,-0.8001708984375,0.399658203125,-293.0,149.0,-149.0,101700.0,-3.118000030517578,0,0
1.6969831999886082,0.37091064453125,-0.451385498046875,0.31158447265625,-0.749359130859375,-0.1220703125,0.06103515625,0.0,0.445068359375,-0.8035888671875,0.3980712890625,-293.0,149.0,-149.0,101700.0,-3.118000030517578,0,0
1.6970457999996142,0.370941162109375,-0.451385498046875,0.31158447265625,-0.749359130859375,0.1220703125,0.0,0.06103515625,0.4443359375,-0.802490234375,0.3995361328125,-293.0,149.0,-149.0,101700.0,-3.118000030517578,0,0
1.6971053000015672,0.370941162109375,-0.451385498046875,0.31158447265625,-0.749359130859375,-0.06103515625,0.1220703125,0.0,0.4444580078125,-0.80322265625,0.39892578125,-293.0,149.0,-149.0,101700.0,-3.118000030517578,0,0
1.69716409999819,0.370941162109375,-0.451385498046875,0.31158447265625,-0.749359130859375,-0.06103515625,0.1220703125,0.0,0.4444580078125,-0.80322265625,0.39892578125,-293.0,149.0,-149.0,101700.0,-3.118000030517578,0,0
1.697220699992613,0.370941162109375,-0.451385498046875,0.31158447265625,-0.749359130859375,0.18310546875,0.0,-0.18310546875,0.4456787109375,-0.8001708984375,0.3973388671875,-293.0,149.0,-149.0,101700.0,-3.118000030517578,0,0
1.697276899998542,0.370941162109375,-0.451385498046875,0.31158447265625,-0.749359130859375,-0.30517578125,0.0,0.06103515625,0.445068359375,-0.8001708984375,0.3980712890625,-293.0,149.0,-149.0,101699.0,-3.117000102996826,0,0
1.699531799997203,0.370941162109375,-0.451385498046875,0.31158447265625,-0.749359130859375,0.244140625,-0.06103515625,-0.1220703125,0.4456787109375,-0.803466796875,0.39794921875,-293.0,149.0,-149.0,101699.0,-3.117000102996826,0,0
1.69974949999596,0.37091064453125,-0.451385498046875,0.31158447265625,-0.749359130859375,0.18310546875,0.1220703125,-0.06103515625,0.4451904296875,-0.801025390625,0.3975830078125,-293.0,149.0,-149.0,101699.0,-3.117000102996826,0,0
1.6998104999947827,0.370941162109375,-0.451385498046875,0.31158447265625,-0.749359130859375,-0.244140625,-0.30517578125,-0.1220703125,0.4444580078125,-0.800048828125,0.396728515625,-293.0,149.0,-149.0,101699.0,-3.117000102996826,0,0
1.6998674999922514,0.370941162109375,-0.451385498046875,0.31158447265625,-0.749359130859375,0.06103515625,0.06103515625,0.0,0.4427490234375,-0.8009033203125,0.39794921875,-293.0,149.0,-149.0,101699.0,-3.117000102996826,0,0
1.6999274999980116,0.370941162109375,-0.451385498046875,0.31158447265625,-0.749359130859375,0.06103515625,-0.06103515625,-0.1220703125,0.4454345703125,-0.8017578125,0.3983154296875,-293.0,149.0,-149.0,101699.0,-3.117000102996826,0,0
1.699985100000049,0.370941162109375,-0.451385498046875,0.31158447265625,-0.749359130859375,0.0,-0.18310546875,0.0,0.4443359375,-0.801025390625,0.3983154296875,-293.0,149.0,-149.0,101699.0,-3.117000102996826,0,0
1.7663341000006767,0.370941162109375,-0.451385498046875,0.31158447265625,-0.749359130859375,0.18310546875,0.06103515625,0.18310546875,0.4423828125,-0.8035888671875,0.396728515625,-293.0,149.0,-149.0,101699.0,-3.117000102996826,0,0
1.7664034999907017,0.370941162109375,-0.451385498046875,0.31158447265625,-0.749359130859375,-0.1220703125,0.06103515625,0.1220703125,0.4461669921875,-0.8023681640625,0.3966064453125,-293.0,149.0,-149.0,101699.0,-3.117000102996826,0,0
1.7664640000002692,0.37103271484375,-0.451416015625,0.311553955078125,-0.749298095703125,0.30517578125,0.18310546875,-0.30517578125,0.4423828125,-0.8045654296875,0.3990478515625,-294.0,150.0,-149.0,101699.0,-3.117000102996826,0,0
1.7665208999969764,0.37103271484375,-0.451416015625,0.311553955078125,-0.749298095703125,-0.1220703125,0.0,0.18310546875,0.4434814453125,-0.80224609375,0.39892578125,-294.0,150.0,-149.0,101699.0,-3.117000102996826,0,0
1.7665812999912305,0.37103271484375,-0.451416015625,0.311553955078125,-0.749298095703125,-0.1220703125,-0.06103515625,0.0,0.4439697265625,-0.80078125,0.3980712890625,-294.0,150.0,-149.0,101699.0,-3.117000102996826,0,0
1.7666523999942,0.371063232421875,-0.451385498046875,0.311553955078125,-0.749298095703125,0.3662109375,-0.244140625,-0.18310546875,0.443603515625,-0.8033447265625,0.398193359375,-294.0,150.0,-149.0,101699.0,-3.117000102996826,0,0
1.7667087000008905,0.371063232421875,-0.451416015625,0.311553955078125,-0.749298095703125,0.6103515625,0.67138671875,-0.30517578125,0.4459228515625,-0.801025390625,0.397216796875,-294.0,150.0,-149.0,101699.0,-3.117000102996826,0,0
1.7670834000018658,0.371063232421875,-0.451416015625,0.311553955078125,-0.749298095703125,-0.1220703125,-0.06103515625,-0.06103515625,0.44482421875,-0.801025390625,0.3974609375,-294.0,150.0,-149.0,101699.0,-3.117000102996826,0,0
1.7671511999942595,0.371063232421875,-0.451416015625,0.311553955078125,-0.749298095703125,-0.1220703125,-0.06103515625,-0.06103515625,0.44482421875,-0.801025390625,0.3974609375,-294.0,150.0,-149.0,101699.0,-3.117000102996826,0,0
1.7672103999939281,0.37103271484375,-0.451416015625,0.311553955078125,-0.749298095703125,0.0,-0.1220703125,-0.1220703125,0.4453125,-0.80029296875,0.3975830078125,-294.0,150.0,-149.0,101699.0,-3.117000102996826,0,0
1.7672684999997728,0.37103271484375,-0.451416015625,0.311553955078125,-0.749298095703125,0.18310546875,-0.244140625,-0.1220703125,0.4449462890625,-0.799560546875,0.398681640625,-294.0,150.0,-149.0,101699.0,-3.117000102996826,0,0
1.8365817000012612,0.37103271484375,-0.451416015625,0.311553955078125,-0.749298095703125,-0.18310546875,-0.1220703125,0.06103515625,0.447021484375,-0.80224609375,0.3983154296875,-294.0,150.0,-149.0,101700.0,-3.117000102996826,0,0
1.83669579999696,0.37103271484375,-0.451416015625,0.311553955078125,-0.749298095703125,-0.1220703125,-0.18310546875,-0.06103515625,0.44482421875,-0.8009033203125,0.3970947265625,-294.0,150.0,-149.0,101700.0,-3.117000102996826,0,0
1.8367622999940068,0.37103271484375,-0.451416015625,0.311553955078125,-0.749298095703125,0.18310546875,-0.244140625,0.1220703125,0.4443359375,-0.8018798828125,0.3983154296875,-294.0,150.0,-149.0,101700.0,-3.117000102996826,0,0
1.836821199991391,0.37103271484375,-0.451416015625,0.311553955078125,-0.749298095703125,0.06103515625,0.0,0.06103515625,0.4444580078125,-0.802490234375,0.3983154296875,-294.0,150.0,-149.0,101700.0,-3.117000102996826,0,0
1.836880699993344,0.371063232421875,-0.451416015625,0.311553955078125,-0.749298095703125,0.06103515625,0.0,0.06103515625,0.4444580078125,-0.802490234375,0.3983154296875,-294.0,150.0,-149.0,101700.0,-3.117000102996826,0,0
1.836955399994622,0.371063232421875,-0.451416015625,0.311553955078125,-0.749298095703125,0.06103515625,0.0,0.06103515625,0.4444580078125,-0.802490234375,0.3983154296875,-294.0,150.0,-149.0,101700.0,-3.117000102996826,0,0
1.8370125999936135,0.37103271484375,-0.451416015625,0.311553955078125,-0.749298095703125,0.244140625,0.0,-0.18310546875,0.443359375,-0.801025390625,0.3975830078125,-294.0,150.0,-149.0,101700.0,-3.117000102996826,0,0
1.8370700999948895,0.37103271484375,-0.451416015625,0.311553955078125,-0.749298095703125,0.18310546875,0.0,0.06103515625,0.4456787109375,-0.8028564453125,0.3973388671875,-294.0,150.0,-149.0,101700.0,-3.117000102996826,0,0
1.8371271999931196,0.37103271484375,-0.451416015625,0.311553955078125,-0.749298095703125,-0.06103515625,-0.06103515625,-0.06103515625,0.4456787109375,-0.803955078125,0.3988037109375,-294.0,150.0,-149.0,101700.0,-3.117000102996826,0,0
1.8371829999960028,0.37103271484375,-0.451416015625,0.311553955078125,-0.749298095703125,-0.06103515625,-0.06103515625,-0.06103515625,0.4456787109375,-0.803955078125,0.3988037109375,-295.0,150.0,-148.0,101700.0,-3.117000102996826,0,0
1.8372397999919485,0.37115478515625,-0.451446533203125,0.311492919921875,-0.749237060546875,0.1220703125,-0.30517578125,-0.1220703125,0.4447021484375,-0.8021240234375,0.3974609375,-295.0,150.0,-148.0,101700.0,-3.117000102996826,0,0
1.8898506999976235,0.37115478515625,-0.451446533203125,0.311492919921875,-0.749237060546875,0.06103515625,-0.18310546875,-0.18310546875,0.4461669921875,-0.8018798828125,0.39599609375,-295.0,150.0,-148.0,101700.0,-3.117000102996826,0,0
1.889957499995944,0.37115478515625,-0.45147705078125,0.3115234375,-0.749237060546875,0.1220703125,0.06103515625,-0.1220703125,0.4453125,-0.80224609375,0.398193359375,-295.0,150.0,-148.0,101700.0,-3.117000102996826,0,0
1.8900256999913836,0.37115478515625,-0.45147705078125,0.3115234375,-0.749237060546875,0.06103515625,-0.18310546875,-0.06103515625,0.444580078125,-0.80322265625,0.3970947265625,-295.0,150.0,-148.0,101700.0,-3.117000102996826,0,0
1.8900847999902908,0.37115478515625,-0.45147705078125,0.3115234375,-0.749237060546875,0.06103515625,-0.18310546875,-0.06103515625,0.444580078125,-0.80322265625,0.3970947265625,-295.0,150.0,-148.0,101700.0,-3.117000102996826,0,0
1.8901420999900438,0.37115478515625,-0.45147705078125,0.3115234375,-0.749237060546875,0.30517578125,0.0,-0.3662109375,0.445556640625,-0.801025390625,0.3975830078125,-295.0,150.0,-148.0,101700.0,-3.117000102996826,0,0
1.8901982999959728,0.371124267578125,-0.45147705078125,0.311492919921875,-0.749237060546875,0.0,0.0,-0.06103515625,0.446533203125,-0.801025390625,0.3974609375,-295.0,150.0,-148.0,101700.0,-3.117000102996826,0,0
1.8902545999881113,0.371124267578125,-0.45147705078125,0.3115234375,-0.74920654296875,0.244140625,0.1220703125,-0.244140625,0.447265625,-0.802734375,0.3983154296875,-295.0,150.0,-148.0,101700.0,-3.117000102996826,0,0
1.8908401999942726,0.37115478515625,-0.45147705078125,0.3115234375,-0.74920654296875,-0.1220703125,-0.3662109375,0.1220703125,0.4453125,-0.801025390625,0.399169921875,-295.0,150.0,-148.0,101700.0,-3.117000102996826,0,0
1.8909020999999484,0.37115478515625,-0.45147705078125,0.3115234375,-0.74920654296875,0.244140625,0.0,0.06103515625,0.444580078125,-0.8033447265625,0.398193359375,-295.0,150.0,-148.0,101700.0,-3.117000102996826,0,0
1.8909617999888724,0.37115478515625,-0.45147705078125,0.3115234375,-0.74920654296875,0.18310546875,-0.18310546875,0.0,0.4442138671875,-0.8001708984375,0.39599609375,-295.0,150.0,-148.0,101700.0,-3.117000102996826,0,0
1.8910187000001315,0.371124267578125,-0.45147705078125,0.3115234375,-0.74920654296875,0.06103515625,0.06103515625,-0.06103515625,0.4434814453125,-0.8021240234375,0.396484375,-295.0,150.0,-148.0,101700.0,-3.117000102996826,0,0
1.8910750999930315,0.371124267578125,-0.45147705078125,0.3115234375,-0.74920654296875,0.0,-0.1220703125,-0.06103515625,0.4478759765625,-0.802001953125,0.396240234375,-295.0,150.0,-148.0,101700.0,-3.117000102996826,0,0
1.8911312999989605,0.371124267578125,-0.451507568359375,0.3115234375,-0.74920654296875,-0.244140625,0.0,-0.1220703125,0.4473876953125,-0.8035888671875,0.396728515625,-295.0,150.0,-148.0,101700.0,-3.117000102996826,0,0
1.959589699996286,0.371124267578125,-0.451507568359375,0.3115234375,-0.74920654296875,0.1220703125,0.06103515625,-0.06103515625,0.4442138671875,-0.8001708984375,0.39794921875,-295.0,150.0,-148.0,101700.0,-3.117000102996826,0,0
1.9596595999901183,0.371124267578125,-0.451507568359375,0.3115234375,-0.74920654296875,0.244140625,-0.18310546875,0.0,0.4415283203125,-0.80078125,0.396728515625,-295.0,150.0,-148.0,101700.0,-3.117000102996826,0,0
1.9597211999935098,0.371124267578125,-0.451507568359375,0.3115234375,-0.74920654296875,0.06103515625,0.0,0.06103515625,0.4442138671875,-0.8031005859375,0.3956298828125,-295.0,150.0,-148.0,101700.0,-3.117000102996826,0,0
1.959779199998593,0.371124267578125,-0.451507568359375,0.3115234375,-0.74920654296875,0.0,-0.30517578125,-0.1220703125,0.4462890625,-0.801025390625,0.3975830078125,-295.0,150.0,-148.0,101700.0,-3.117000102996826,0,0
1.9598366999998689,0.3712158203125,-0.4515380859375,0.31146240234375,-0.7491455078125,0.06103515625,-0.06103515625,0.1220703125,0.4454345703125,-0.804443359375,0.3956298828125,-295.0,150.0,-148.0,101700.0,-3.117000102996826,0,0
1.9602927999949316,0.3712158203125,-0.4515380859375,0.311492919921875,-0.7491455078125,0.1220703125,-0.18310546875,0.1220703125,0.4444580078125,-0.8013916015625,0.397216796875,-295.0,150.0,-148.0,101700.0,-3.117000102996826,0,0
1.9603592999919783,0.3712158203125,-0.4515380859375,0.311492919921875,-0.7491455078125,0.18310546875,-0.3662109375,0.0,0.4468994140625,-0.80322265625,0.3978271484375,-295.0,150.0,-148.0,101700.0,-3.117000102996826,0,0
1.9604732000007061,0.3712158203125,-0.4515380859375,0.311492919921875,-0.7491455078125,0.18310546875,-0.3662109375,0.0,0.4468994140625,-0.80322265625,0.3978271484375,-295.0,150.0,-148.0,101700.0,-3.117000102996826,0,0
1.9605312999919988,0.3712158203125,-0.4515380859375,0.31146240234375,-0.7491455078125,0.06103515625,0.0,0.1220703125,0.445556640625,-0.803955078125,0.3990478515625,-295.0,150.0,-148.0,101700.0,-3.117000102996826,0,0
1.9605874999979278,0.3712158203125,-0.4515380859375,0.31146240234375,-0.7491455078125,0.0,-0.1220703125,0.18310546875,0.444580078125,-0.802734375,0.3980712890625,-295.0,150.0,-148.0,101700.0,-3.117000102996826,0,0
1.9606440999923507,0.3712158203125,-0.4515380859375,0.31146240234375,-0.7491455078125,-0.18310546875,-0.1220703125,0.06103515625,0.4454345703125,-0.8004150390625,0.39892578125,-295.0,150.0,-148.0,101700.0,-3.117000102996826,0,0
2.0160217999946326,0.3712158203125,-0.4515380859375,0.31146240234375,-0.7491455078125,0.0,-0.18310546875,0.0,0.4442138671875,-0.800537109375,0.3975830078125,-295.0,150.0,-148.0,101700.0,-3.118000030517578,0,0
2.016106499999296,0.3712158203125,-0.4515380859375,0.31146240234375,-0.7491455078125,0.1220703125,-0.06103515625,-0.06103515625,0.4459228515625,-0.8031005859375,0.3963623046875,-295.0,150.0,-148.0,101700.0,-3.118000030517578,0,0
2.016169499998796,0.3712158203125,-0.451568603515625,0.31146240234375,-0.7491455078125,0.30517578125,0.18310546875,-0.06103515625,0.4462890625,-0.801025390625,0.397216796875,-295.0,150.0,-148.0,101700.0,-3.118000030517578,0,0
2.0162315999914426,0.3712158203125,-0.451568603515625,0.31146240234375,-0.7491455078125,0.244140625,-0.06103515625,-0.06103515625,0.446044921875,-0.80126953125,0.3961181640625,-295.0,150.0,-148.0,101700.0,-3.118000030517578,0,0
2.0162914999964414,0.3712158203125,-0.451568603515625,0.31146240234375,-0.7491455078125,0.244140625,-0.06103515625,-0.06103515625,0.446044921875,-0.80126953125,0.3961181640625,-295.0,150.0,-148.0,101700.0,-3.118000030517578,0,0
2.0163632999901893,0.3712158203125,-0.451568603515625,0.31146240234375,-0.7491455078125,0.1220703125,-0.06103515625,0.0,0.444580078125,-0.7987060546875,0.3980712890625,-295.0,150.0,-148.0,101700.0,-3.118000030517578,0,0
2.0164214999967953,0.3712158203125,-0.451568603515625,0.31146240234375,-0.7491455078125,0.1220703125,-0.06103515625,0.0,0.444580078125,-0.7987060546875,0.3980712890625,-295.0,150.0,-148.0,101700.0,-3.118000030517578,0,0
2.0164783999935025,0.3712158203125,-0.451568603515625,0.31146240234375,-0.7491455078125,-0.1220703125,-0.1220703125,-0.1220703125,0.4462890625,-0.80078125,0.3973388671875,-295.0,150.0,-148.0,101700.0,-3.118000030517578,0,0
2.0165368000016315,0.3712158203125,-0.451568603515625,0.31146240234375,-0.7491455078125,0.06103515625,-0.06103515625,0.0,0.4456787109375,-0.80029296875,0.3992919921875,-295.0,150.0,-148.0,101700.0,-3.118000030517578,0,0
2.0165936999983387,0.3712158203125,-0.451568603515625,0.31146240234375,-0.7491455078125,-0.244140625,-0.244140625,0.06103515625,0.4453125,-0.80224609375,0.39697265625,-295.0,150.0,-148.0,101700.0,-3.118000030517578,0,0
2.0166498999897158,0.3712158203125,-0.451568603515625,0.31146240234375,-0.7491455078125,0.06103515625,-0.06103515625,-0.1220703125,0.44482421875,-0.802978515625,0.398193359375,-295.0,150.0,-148.0,101700.0,-3.118000030517578,0,0
2.0814493999932893,0.3712158203125,-0.451568603515625,0.31146240234375,-0.7491455078125,0.1220703125,-0.1220703125,0.06103515625,0.4456787109375,-0.802978515625,0.3968505859375,-296.0,151.0,-148.0,101700.0,-3.118000030517578,0,0
2.0815196999901673,0.371307373046875,-0.451629638671875,0.3114013671875,-0.74908447265625,0.244140625,-0.1220703125,-0.06103515625,0.4451904296875,-0.802978515625,0.3978271484375,-296.0,151.0,-148.0,101700.0,-3.118000030517578,0,0
2.0815816999966046,0.371307373046875,-0.451629638671875,0.3114013671875,-0.74908447265625,0.244140625,-0.1220703125,-0.06103515625,0.4451904296875,-0.802978515625,0.3978271484375,-296.0,151.0,-148.0,101700.0,-3.118000030517578,0,0
2.0816406999947503,0.371307373046875,-0.451629638671875,0.3114013671875,-0.74908447265625,0.244140625,0.1220703125,-0.1220703125,0.44482421875,-0.7977294921875,0.39794921875,-296.0,151.0,-148.0,101700.0,-3.118000030517578,0,0
2.081701399991289,0.371307373046875,-0.451629638671875,0.3114013671875,-0.74908447265625,-0.1220703125,-0.18310546875,0.0,0.445556640625,-0.7998046875,0.396484375,-296.0,151.0,-148.0,101700.0,-3.118000030517578,0,0
2.0817687999951886,0.371307373046875,-0.451629638671875,0.311431884765625,-0.74908447265625,0.18310546875,-0.06103515625,-0.18310546875,0.445556640625,-0.802001953125,0.3973388671875,-296.0,151.0,-148.0,101700.0,-3.118000030517578,0,0
2.0818266999995103,0.371307373046875,-0.451629638671875,0.311431884765625,-0.74908447265625,0.0,-0.06103515625,-0.06103515625,0.4443359375,-0.8021240234375,0.3975830078125,-296.0,151.0,-148.0,101700.0,-3.118000030517578,0,0
2.0819859999901382,0.371307373046875,-0.451629638671875,0.311431884765625,-0.74908447265625,0.1220703125,-0.06103515625,0.1220703125,0.4454345703125,-0.802734375,0.39892578125,-296.0,151.0,-148.0,101700.0,-3.118000030517578,0,0
2.0820512999925995,0.371307373046875,-0.451629638671875,0.311431884765625,-0.74908447265625,-0.18310546875,-0.1220703125,0.06103515625,0.44580078125,-0.80224609375,0.39794921875,-296.0,151.0,-148.0,101700.0,-3.118000030517578,0,0
2.0821102999907453,0.371307373046875,-0.451629638671875,0.311431884765625,-0.74908447265625,0.244140625,-0.1220703125,0.06103515625,0.4444580078125,-0.802001953125,0.3975830078125,-296.0,151.0,-148.0,101700.0,-3.117000102996826,0,0
2.082167799992021,0.371307373046875,-0.451629638671875,0.311431884765625,-0.74908447265625,0.06103515625,0.06103515625,0.1220703125,0.445068359375,-0.8028564453125,0.398681640625,-296.0,151.0,-148.0,101700.0,-3.117000102996826,0,0
2.0822275999962585,0.371307373046875,-0.451629638671875,0.311431884765625,-0.74908447265625,0.06103515625,0.06103515625,0.1220703125,0.445068359375,-0.8028564453125,0.398681640625,-296.0,151.0,-148.0,101700.0,-3.117000102996826,0,0
2.0822872999997344,0.371337890625,-0.45159912109375,0.311431884765625,-0.74908447265625,0.0,0.18310546875,-0.1220703125,0.444091796875,-0.8028564453125,0.3983154296875,-296.0,151.0,-148.0,101700.0,-3.117000102996826,0,0
2.1476318999921205,0.371307373046875,-0.451629638671875,0.311431884765625,-0.74908447265625,-0.06103515625,-0.06103515625,-0.18310546875,0.4473876953125,-0.801025390625,0.3980712890625,-296.0,151.0,-148.0,101700.0,-3.117000102996826,0,0
2.147697499996866,0.371307373046875,-0.451629638671875,0.311431884765625,-0.74908447265625,0.244140625,-0.06103515625,-0.18310546875,0.446044921875,-0.8004150390625,0.3955078125,-296.0,151.0,-148.0,101700.0,-3.117000102996826,0,0
2.147757200000342,0.371307373046875,-0.451629638671875,0.311431884765625,-0.74908447265625,-0.244140625,-0.06103515625,-0.06103515625,0.4468994140625,-0.801025390625,0.3973388671875,-296.0,151.0,-148.0,101700.0,-3.117000102996826,0,0
2.147815799995442,0.371307373046875,-0.451629638671875,0.311431884765625,-0.74908447265625,-0.06103515625,0.0,0.0,0.4468994140625,-0.801513671875,0.396484375,-296.0,151.0,-148.0,101700.0,-3.117000102996826,0,0
2.1478740999882575,0.371307373046875,-0.451629638671875,0.311431884765625,-0.74908447265625,0.244140625,0.1220703125,-0.06103515625,0.4461669921875,-0.8035888671875,0.3956298828125,-296.0,151.0,-148.0,101700.0,-3.117000102996826,0,0
2.1480871999956435,0.371307373046875,-0.45166015625,0.311431884765625,-0.74908447265625,0.0,0.244140625,0.0,0.4443359375,-0.8011474609375,0.397216796875,-295.0,152.0,-149.0,101700.0,-3.117000102996826,0,0
2.148145699989982,0.371307373046875,-0.45166015625,0.311431884765625,-0.74908447265625,0.0,0.244140625,0.0,0.4443359375,-0.8011474609375,0.397216796875,-295.0,152.0,-149.0,101700.0,-3.117000102996826,0,0
2.1483405999897514,0.371490478515625,-0.45172119140625,0.311309814453125,-0.74896240234375,-0.1220703125,0.0,0.06103515625,0.4476318359375,-0.8009033203125,0.398193359375,-295.0,152.0,-149.0,101700.0,-3.117000102996826,0,0
2.148399199999403,0.371490478515625,-0.451751708984375,0.311309814453125,-0.74896240234375,0.18310546875,-0.18310546875,0.0,0.446533203125,-0.8028564453125,0.396728515625,-295.0,152.0,-149.0,101700.0,-3.117000102996826,0,0
2.1484928999998374,0.371490478515625,-0.451751708984375,0.311309814453125,-0.74896240234375,-0.1220703125,-0.18310546875,-0.06103515625,0.4453125,-0.803955078125,0.3958740234375,-295.0,152.0,-149.0,101700.0,-3.117000102996826,0,0
2.1485505999880843,0.371490478515625,-0.451751708984375,0.311309814453125,-0.74896240234375,0.1220703125,-0.30517578125,0.1220703125,0.4476318359375,-0.801513671875,0.397216796875,-295.0,152.0,-149.0,101700.0,-3.117000102996826,0,0
2.2071559999894816,0.371490478515625,-0.451751708984375,0.311309814453125,-0.74896240234375,-0.06103515625,0.0,0.06103515625,0.445556640625,-0.802001953125,0.3975830078125,-295.0,152.0,-149.0,101700.0,-3.117000102996826,0,0
2.2072225000010803,0.371490478515625,-0.451751708984375,0.311309814453125,-0.74896240234375,0.0,-0.06103515625,-0.1220703125,0.4442138671875,-0.7999267578125,0.3966064453125,-295.0,152.0,-149.0,101700.0,-3.117000102996826,0,0
2.20728189998772,0.371490478515625,-0.451751708984375,0.311309814453125,-0.74896240234375,0.0,-0.06103515625,-0.1220703125,0.4442138671875,-0.7999267578125,0.3966064453125,-295.0,152.0,-149.0,101700.0,-3.117000102996826,0,0
2.2073395999905188,0.371490478515625,-0.451751708984375,0.311309814453125,-0.74896240234375,-0.18310546875,-0.06103515625,-0.1220703125,0.4439697265625,-0.8011474609375,0.3975830078125,-295.0,152.0,-149.0,101700.0,-3.117000102996826,0,0
2.207396099998732,0.371490478515625,-0.451751708984375,0.311309814453125,-0.74896240234375,0.18310546875,0.0,-0.18310546875,0.4459228515625,-0.8026123046875,0.39697265625,-295.0,152.0,-149.0,101700.0,-3.117000102996826,0,0
2.2074653999879956,0.371490478515625,-0.451751708984375,0.311309814453125,-0.74896240234375,0.0,-0.244140625,-0.244140625,0.4464111328125,-0.8017578125,0.398193359375,-295.0,152.0,-149.0,101700.0,-3.117000102996826,0,0
2.2075199999962933,0.371490478515625,-0.451751708984375,0.311309814453125,-0.74896240234375,0.06103515625,0.0,0.1220703125,0.445068359375,-0.8009033203125,0.39990234375,-295.0,152.0,-149.0,101700.0,-3.117000102996826,0,0
2.2075740000000224,0.371490478515625,-0.451751708984375,0.311309814453125,-0.74896240234375,-0.18310546875,0.1220703125,0.0,0.4447021484375,-0.8023681640625,0.39794921875,-295.0,152.0,-149.0,101700.0,-3.117000102996826,0,0
2.207627700001467,0.371490478515625,-0.451751708984375,0.311309814453125,-0.74896240234375,0.06103515625,-0.244140625,-0.1220703125,0.44287109375,-0.80322265625,0.3978271484375,-295.0,152.0,-149.0,101700.0,-3.117000102996826,0,0
2.2076802999945357,0.371490478515625,-0.45172119140625,0.311309814453125,-0.74896240234375,-0.1220703125,-0.30517578125,0.30517578125,0.444580078125,-0.7989501953125,0.3970947265625,-295.0,152.0,-149.0,101700.0,-3.117000102996826,0,0
2.2077321999968262,0.371490478515625,-0.451751708984375,0.311309814453125,-0.74896240234375,-0.06103515625,-0.1220703125,0.0,0.4437255859375,-0.80322265625,0.3978271484375,-295.0,152.0,-149.0,101700.0,-3.117000102996826,0,0
2.2077851999929408,0.371490478515625,-0.451751708984375,0.31134033203125,-0.74896240234375,0.18310546875,-0.244140625,-0.1220703125,0.4454345703125,-0.80126953125,0.39697265625,-295.0,152.0,-149.0,101700.0,-3.117000102996826,0,0
2.2853430999966804,0.371490478515625,-0.451751708984375,0.31134033203125,-0.74896240234375,0.18310546875,-0.244140625,-0.1220703125,0.4454345703125,-0.80126953125,0.39697265625,-295.0,152.0,-149.0,101700.0,-3.117000102996826,0,0
2.2854083999991417,0.371490478515625,-0.451751708984375,0.31134033203125,-0.74896240234375,-0.244140625,-0.48828125,-0.244140625,0.44580078125,-0.801025390625,0.3966064453125,-294.0,152.0,-150.0,101699.0,-3.117000102996826,0,0
2.2854656999988947,0.371612548828125,-0.4517822265625,0.311279296875,-0.7489013671875,0.1220703125,0.0,0.18310546875,0.444580078125,-0.8043212890625,0.398193359375,-294.0,152.0,-150.0,101699.0,-3.117000102996826,0,0
2.2855200999911176,0.371612548828125,-0.4517822265625,0.311279296875,-0.7489013671875,-0.30517578125,0.0,0.244140625,0.447998046875,-0.802734375,0.398681640625,-294.0,152.0,-150.0,101699.0,-3.117000102996826,0,0
2.2855753999901935,0.371612548828125,-0.4517822265625,0.311279296875,-0.7489013671875,0.06103515625,-0.18310546875,0.0,0.4444580078125,-0.8006591796875,0.3975830078125,-294.0,152.0,-150.0,101699.0,-3.117000102996826,0,0
2.2856295999954455,0.371612548828125,-0.4517822265625,0.311279296875,-0.7489013671875,0.0,-0.1220703125,-0.1220703125,0.445556640625,-0.8011474609375,0.3970947265625,-294.0,152.0,-150.0,101699.0,-3.117000102996826,0,0
2.285699799991562,0.371612548828125,-0.4517822265625,0.311279296875,-0.7489013671875,0.0,0.0,-0.06103515625,0.44482421875,-0.8009033203125,0.3984375,-294.0,152.0,-150.0,101699.0,-3.117000102996826,0,0
2.285753799995291,0.371612548828125,-0.4517822265625,0.311279296875,-0.7489013671875,0.18310546875,-0.244140625,0.0,0.4451904296875,-0.8023681640625,0.3970947265625,-294.0,152.0,-150.0,101699.0,-3.117000102996826,0,0
2.285807599997497,0.371612548828125,-0.4517822265625,0.311279296875,-0.7489013671875,0.18310546875,-0.06103515625,-0.1220703125,0.4443359375,-0.8045654296875,0.397216796875,-294.0,152.0,-150.0,101699.0,-3.117000102996826,0,0
2.285862899996573,0.371612548828125,-0.4517822265625,0.311279296875,-0.7489013671875,0.18310546875,-0.06103515625,-0.1220703125,0.4443359375,-0.8045654296875,0.397216796875,-294.0,152.0,-150.0,101699.0,-3.117000102996826,0,0
2.285937099994044,0.371612548828125,-0.4517822265625,0.311248779296875,-0.7489013671875,0.06103515625,0.1220703125,0.06103515625,0.44580078125,-0.801513671875,0.39892578125,-294.0,152.0,-150.0,101699.0,-3.117000102996826,0,0
2.285992699995404,0.371612548828125,-0.4517822265625,0.311279296875,-0.7489013671875,-0.06103515625,-0.244140625,-0.18310546875,0.4442138671875,-0.80224609375,0.398193359375,-294.0,152.0,-150.0,101699.0,-3.117000102996826,0,0
2.3371690999920247,0.371612548828125,-0.4517822265625,0.311248779296875,-0.7489013671875,0.06103515625,-0.1220703125,-0.1220703125,0.4451904296875,-0.799560546875,0.397216796875,-294.0,152.0,-150.0,101699.0,-3.117000102996826,0,0
2.3372340999922017,0.37158203125,-0.4517822265625,0.311248779296875,-0.7489013671875,0.06103515625,0.06103515625,0.0,0.446044921875,-0.7998046875,0.3984375,-294.0,152.0,-150.0,101699.0,-3.117000102996826,0,0
2.337289899995085,0.371612548828125,-0.4517822265625,0.311248779296875,-0.7489013671875,0.06103515625,-0.06103515625,0.06103515625,0.4443359375,-0.80224609375,0.3988037109375,-294.0,152.0,-150.0,101699.0,-3.117000102996826,0,0
2.3373448999918764,0.371612548828125,-0.4517822265625,0.311248779296875,-0.7489013671875,0.18310546875,-0.18310546875,0.06103515625,0.44287109375,-0.8028564453125,0.397216796875,-294.0,152.0,-150.0,101699.0,-3.117000102996826,0,0
2.3373992999986513,0.371612548828125,-0.4517822265625,0.311248779296875,-0.7489013671875,0.30517578125,-0.18310546875,-0.06103515625,0.446533203125,-0.802734375,0.39599609375,-294.0,152.0,-150.0,101699.0,-3.117000102996826,0,0
2.3384529999893857,0.371612548828125,-0.4517822265625,0.311248779296875,-0.7489013671875,0.30517578125,-0.18310546875,-0.06103515625,0.446533203125,-0.802734375,0.39599609375,-294.0,152.0,-150.0,101699.0,-3.117000102996826,0,0
2.338508999993792,0.371612548828125,-0.4517822265625,0.311248779296875,-0.7489013671875,-0.1220703125,-0.18310546875,-0.30517578125,0.4454345703125,-0.8006591796875,0.39794921875,-294.0,152.0,-150.0,101699.0,-3.117000102996826,0,0
2.338562399992952,0.371612548828125,-0.4517822265625,0.311248779296875,-0.7489013671875,-0.1220703125,-0.18310546875,-0.30517578125,0.4454345703125,-0.8006591796875,0.39794921875,-294.0,151.0,-149.0,101700.0,-3.118000030517578,0,0
2.338616099994397,0.371795654296875,-0.451873779296875,0.311126708984375,-0.748809814453125,-0.3662109375,-0.244140625,0.06103515625,0.4447021484375,-0.8043212890625,0.3990478515625,-294.0,151.0,-149.0,101700.0,-3.118000030517578,0,0
2.3386685000004945,0.371795654296875,-0.451873779296875,0.311126708984375,-0.748809814453125,0.06103515625,0.1220703125,-0.06103515625,0.4459228515625,-0.8016357421875,0.3974609375,-294.0,151.0,-149.0,101700.0,-3.118000030517578,0,0
2.3387213999958476,0.371795654296875,-0.451873779296875,0.311126708984375,-0.748809814453125,-0.1220703125,-0.3662109375,-0.18310546875,0.4449462890625,-0.8017578125,0.396728515625,-294.0,151.0,-149.0,101700.0,-3.118000030517578,0,0
2.3387744999927236,0.371795654296875,-0.451873779296875,0.311126708984375,-0.748809814453125,-0.06103515625,-0.18310546875,0.0,0.4461669921875,-0.8013916015625,0.3984375,-294.0,151.0,-149.0,101700.0,-3.118000030517578,0,0
